model,fpr,tpr,threshold
rule,0.0,0.0,inf
rule,0.0,0.004629629629629629,0.9999999999998874
rule,0.0,0.009259259259259259,0.9999980340828837
rule,0.0,0.013888888888888888,0.9999979966503869
rule,0.0,0.02546296296296296,0.9999948725551949
rule,0.0,0.032407407407407406,0.9999944832234606
rule,0.0,0.034722222222222224,0.9999944006678207
rule,0.0,0.9907407407407407,0.9999943819805459
rule,0.0014255167498218105,0.9907407407407407,9.575975474658141e-05
rule,0.002851033499643621,0.9907407407407407,6.553008326619185e-05
rule,0.007127583749109052,0.9907407407407407,4.633036458464656e-05
rule,0.009265858873841768,0.9907407407407407,3.561759016708422e-05
rule,0.012829650748396294,0.9907407407407407,2.8037924108381783e-05
rule,0.015680684248039915,0.9907407407407407,2.5589656807620863e-05
rule,0.01639344262295082,0.9907407407407407,2.5479054307411183e-05
rule,0.01781895937277263,0.9907407407407407,2.05828837787369e-05
rule,0.019957234497505347,0.9907407407407407,1.9296021050298535e-05
rule,0.021382751247327157,0.9907407407407407,1.8454682687176223e-05
rule,0.022095509622238062,0.9907407407407407,1.53925938270577e-05
rule,0.024946543121881683,0.9907407407407407,1.5160652092398344e-05
rule,0.02565930149679259,0.9907407407407407,1.4346214833953195e-05
rule,0.0270848182466144,0.9907407407407407,1.3864147865747414e-05
rule,0.029223093371347115,0.9907407407407407,1.2380913900542074e-05
rule,0.04632929436920884,0.9907407407407407,1.1299798918517425e-05
rule,0.04989308624376337,0.9907407407407407,1.1093935954918317e-05
rule,0.0691375623663578,0.9907407407407407,1.1057034285134867e-05
rule,0.07056307911617961,0.9907407407407407,1.0966310442290035e-05
rule,0.07127583749109052,0.9907407407407407,1.0929833287580986e-05
rule,0.07270135424091233,0.9907407407407407,1.0313225791083407e-05
rule,0.07483962936564505,0.9907407407407407,9.85300074074617e-06
rule,0.09123307198859587,0.9907407407407407,9.675439524733342e-06
rule,0.09265858873841767,0.9907407407407407,7.061428333257449e-06
rule,0.09408410548823949,0.9907407407407407,6.444813672067685e-06
rule,0.13399857448325017,0.9930555555555556,6.444813672067661e-06
rule,0.13542409123307197,0.9930555555555556,4.904353233825935e-06
rule,0.1361368496079829,0.9930555555555556,4.886268470702534e-06
rule,0.14112615823235922,0.9930555555555556,4.169457438972983e-06
rule,0.14540270848182466,0.9930555555555556,4.137405153013138e-06
rule,0.14611546685673557,0.9930555555555556,3.481102105243521e-06
rule,0.1511047754811119,0.9930555555555556,3.0234985508173728e-06
rule,0.15466856735566642,0.9930555555555556,2.9789204684292006e-06
rule,0.2316464718460442,0.9930555555555556,2.969011629132952e-06
rule,0.2344975053456878,0.9930555555555556,2.778133778574642e-06
rule,0.32145402708481824,0.9976851851851852,2.7781337785746323e-06
rule,0.32287954383464007,0.9976851851851852,2.5337918880576258e-06
rule,0.32501781895937276,0.9976851851851852,1.5115702293214881e-06
rule,0.32786885245901637,0.9976851851851852,1.4188566332215053e-06
rule,0.33998574483250177,1.0,1.1250708394013007e-06
rule,0.35067712045616534,1.0,1.0335962876614772e-06
rule,0.35210263720598717,1.0,1.0149696572597742e-06
rule,0.5067712045616536,1.0,1.0149696572597723e-06
rule,0.5081967213114754,1.0,8.253068849058053e-07
rule,0.5089094796863863,1.0,1.4070359393875247e-07
rule,0.5103349964362082,1.0,1.2742615784787236e-07
rule,0.5138987883107626,1.0,1.1960279108407638e-08
rule,0.5160370634354954,1.0,1.1779312118232782e-08
rule,0.5174625801853172,1.0,3.358521560872826e-09
rule,0.518888096935139,1.0,1.582673245731972e-09
rule,0.5245901639344263,1.0,7.728313055381215e-16
rule,0.5267284390591589,1.0,6.142373287803931e-16
rule,0.5281539558089807,1.0,6.053278433525247e-16
rule,0.5367070563079116,1.0,5.535266628966909e-16
rule,0.5381325730577334,1.0,4.003522759072678e-16
rule,0.5509622238061297,1.0,3.503271114535975e-16
rule,0.5523877405559515,1.0,2.465478921994584e-16
rule,0.5531004989308624,1.0,1.8922514954298932e-16
rule,0.5588025659301497,1.0,1.8848399983638088e-16
rule,0.5602280826799715,1.0,1.8781929877587944e-16
rule,0.5830363506771205,1.0,1.8443456892227708e-16
rule,0.6022808267997148,1.0,1.7636632392337964e-16
rule,0.6065573770491803,1.0,1.7257723177273478e-16
rule,0.6086956521739131,1.0,1.7257723177273233e-16
rule,0.609408410548824,1.0,1.6435073902423538e-16
rule,0.617248752672844,1.0,1.6138894086790882e-16
rule,0.6179615110477548,1.0,1.609678136026339e-16
rule,0.624376336421953,1.0,1.5101321198334615e-16
rule,0.6258018531717747,1.0,1.177862212628559e-16
rule,0.6571632216678546,1.0,1.075008830039823e-16
rule,0.6578759800427655,1.0,1.0750088300397924e-16
rule,0.6764076977904491,1.0,1.0058962867080387e-16
rule,0.67712045616536,1.0,9.698066872177515e-17
rule,0.6806842480399145,1.0,9.691631264738992e-17
rule,0.6835352815395581,1.0,6.507608172829712e-17
rule,0.6942266571632216,1.0,6.443395674718663e-17
rule,0.714183891660727,1.0,6.30496437201043e-17
rule,0.729151817533856,1.0,5.517141001031413e-17
rule,0.7312900926585887,1.0,4.633970110425653e-17
rule,0.7320028510334996,1.0,4.442440319671464e-17
rule,0.7341411261582323,1.0,4.026565805507913e-17
rule,0.7804704205274412,1.0,3.6749576896584327e-17
rule,0.7833214540270849,1.0,1.8766324587309414e-17
rule,0.7854597291518175,1.0,1.7559833640466954e-17
rule,0.7868852459016393,1.0,1.710724318202038e-17
rule,0.7890235210263721,1.0,1.6929821012351603e-17
rule,0.8168210976478973,1.0,1.6929821012351486e-17
rule,0.8617248752672844,1.0,1.5841399265832522e-17
rule,1.0,1.0,4.248354255291589e-18
rectified_l1,0.0,0.0,inf
rectified_l1,0.0,0.004629629629629629,0.9999999999998874
rectified_l1,0.0,0.009259259259259259,0.9999980340828837
rectified_l1,0.0,0.013888888888888888,0.9999979966503869
rectified_l1,0.0,0.02546296296296296,0.9999948725551949
rectified_l1,0.0,0.032407407407407406,0.9999944832234606
rectified_l1,0.0,0.034722222222222224,0.9999944006678207
rectified_l1,0.0,0.9907407407407407,0.9999943819805459
rectified_l1,0.0014255167498218105,0.9907407407407407,9.575975474658141e-05
rectified_l1,0.002851033499643621,0.9907407407407407,6.553008326619185e-05
rectified_l1,0.007127583749109052,0.9907407407407407,4.633036458464656e-05
rectified_l1,0.009265858873841768,0.9907407407407407,3.561759016708422e-05
rectified_l1,0.012829650748396294,0.9907407407407407,2.8037924108381783e-05
rectified_l1,0.015680684248039915,0.9907407407407407,2.5589656807620863e-05
rectified_l1,0.01639344262295082,0.9907407407407407,2.5479054307411183e-05
rectified_l1,0.01781895937277263,0.9907407407407407,2.05828837787369e-05
rectified_l1,0.019957234497505347,0.9907407407407407,1.9296021050298535e-05
rectified_l1,0.021382751247327157,0.9907407407407407,1.8454682687176223e-05
rectified_l1,0.022095509622238062,0.9907407407407407,1.53925938270577e-05
rectified_l1,0.024946543121881683,0.9907407407407407,1.5160652092398344e-05
rectified_l1,0.02565930149679259,0.9907407407407407,1.4346214833953195e-05
rectified_l1,0.0270848182466144,0.9907407407407407,1.3864147865747414e-05
rectified_l1,0.029223093371347115,0.9907407407407407,1.2380913900542074e-05
rectified_l1,0.04632929436920884,0.9907407407407407,1.1299798918517425e-05
rectified_l1,0.04989308624376337,0.9907407407407407,1.1093935954918317e-05
rectified_l1,0.0691375623663578,0.9907407407407407,1.1057034285134867e-05
rectified_l1,0.07056307911617961,0.9907407407407407,1.0966310442290035e-05
rectified_l1,0.07127583749109052,0.9907407407407407,1.0929833287580986e-05
rectified_l1,0.07270135424091233,0.9907407407407407,1.0313225791083407e-05
rectified_l1,0.07483962936564505,0.9907407407407407,9.85300074074617e-06
rectified_l1,0.09123307198859587,0.9907407407407407,9.675439524733342e-06
rectified_l1,0.09265858873841767,0.9907407407407407,7.061428333257449e-06
rectified_l1,0.09408410548823949,0.9907407407407407,6.444813672067685e-06
rectified_l1,0.13399857448325017,0.9930555555555556,6.444813672067661e-06
rectified_l1,0.13542409123307197,0.9930555555555556,4.904353233825935e-06
rectified_l1,0.1361368496079829,0.9930555555555556,4.886268470702534e-06
rectified_l1,0.14112615823235922,0.9930555555555556,4.169457438972983e-06
rectified_l1,0.14540270848182466,0.9930555555555556,4.137405153013138e-06
rectified_l1,0.14611546685673557,0.9930555555555556,3.481102105243521e-06
rectified_l1,0.1511047754811119,0.9930555555555556,3.0234985508173728e-06
rectified_l1,0.15466856735566642,0.9930555555555556,2.9789204684292006e-06
rectified_l1,0.2316464718460442,0.9930555555555556,2.969011629132952e-06
rectified_l1,0.2344975053456878,0.9930555555555556,2.778133778574642e-06
rectified_l1,0.32145402708481824,0.9976851851851852,2.7781337785746323e-06
rectified_l1,0.32287954383464007,0.9976851851851852,2.5337918880576258e-06
rectified_l1,0.32501781895937276,0.9976851851851852,1.5115702293214881e-06
rectified_l1,0.32786885245901637,0.9976851851851852,1.4188566332215053e-06
rectified_l1,0.33998574483250177,1.0,1.1250708394013007e-06
rectified_l1,0.35067712045616534,1.0,1.0335962876614772e-06
rectified_l1,0.35210263720598717,1.0,1.0149696572597742e-06
rectified_l1,0.5067712045616536,1.0,1.0149696572597723e-06
rectified_l1,0.5081967213114754,1.0,8.253068849058053e-07
rectified_l1,0.5089094796863863,1.0,1.4070359393875247e-07
rectified_l1,0.5103349964362082,1.0,1.2742615784787236e-07
rectified_l1,0.5138987883107626,1.0,1.1960279108407638e-08
rectified_l1,0.5160370634354954,1.0,1.1779312118232782e-08
rectified_l1,0.5174625801853172,1.0,3.358521560872826e-09
rectified_l1,0.518888096935139,1.0,1.582673245731972e-09
rectified_l1,0.5245901639344263,1.0,7.728313055381215e-16
rectified_l1,0.5267284390591589,1.0,6.142373287803931e-16
rectified_l1,0.5281539558089807,1.0,6.053278433525247e-16
rectified_l1,0.5367070563079116,1.0,5.535266628966909e-16
rectified_l1,0.5381325730577334,1.0,4.003522759072678e-16
rectified_l1,0.5509622238061297,1.0,3.503271114535975e-16
rectified_l1,0.5523877405559515,1.0,2.465478921994584e-16
rectified_l1,0.5531004989308624,1.0,1.8922514954298932e-16
rectified_l1,0.5588025659301497,1.0,1.8848399983638088e-16
rectified_l1,0.5602280826799715,1.0,1.8781929877587944e-16
rectified_l1,0.5830363506771205,1.0,1.8443456892227708e-16
rectified_l1,0.6022808267997148,1.0,1.7636632392337964e-16
rectified_l1,0.6065573770491803,1.0,1.7257723177273478e-16
rectified_l1,0.6086956521739131,1.0,1.7257723177273233e-16
rectified_l1,0.609408410548824,1.0,1.6435073902423538e-16
rectified_l1,0.617248752672844,1.0,1.6138894086790882e-16
rectified_l1,0.6179615110477548,1.0,1.609678136026339e-16
rectified_l1,0.624376336421953,1.0,1.5101321198334615e-16
rectified_l1,0.6258018531717747,1.0,1.177862212628559e-16
rectified_l1,0.6571632216678546,1.0,1.075008830039823e-16
rectified_l1,0.6578759800427655,1.0,1.0750088300397924e-16
rectified_l1,0.6764076977904491,1.0,1.0058962867080387e-16
rectified_l1,0.67712045616536,1.0,9.698066872177515e-17
rectified_l1,0.6806842480399145,1.0,9.691631264738992e-17
rectified_l1,0.6835352815395581,1.0,6.507608172829712e-17
rectified_l1,0.6942266571632216,1.0,6.443395674718663e-17
rectified_l1,0.714183891660727,1.0,6.30496437201043e-17
rectified_l1,0.729151817533856,1.0,5.517141001031413e-17
rectified_l1,0.7312900926585887,1.0,4.633970110425653e-17
rectified_l1,0.7320028510334996,1.0,4.442440319671464e-17
rectified_l1,0.7341411261582323,1.0,4.026565805507913e-17
rectified_l1,0.7804704205274412,1.0,3.6749576896584327e-17
rectified_l1,0.7833214540270849,1.0,1.8766324587309414e-17
rectified_l1,0.7854597291518175,1.0,1.7559833640466954e-17
rectified_l1,0.7868852459016393,1.0,1.710724318202038e-17
rectified_l1,0.7890235210263721,1.0,1.6929821012351603e-17
rectified_l1,0.8168210976478973,1.0,1.6929821012351486e-17
rectified_l1,0.8617248752672844,1.0,1.5841399265832522e-17
rectified_l1,1.0,1.0,4.248354255291589e-18
raw_l1,0.0,0.0,inf
raw_l1,0.0,0.0023148148148148147,0.9997322632987595
raw_l1,0.0,0.2199074074074074,0.9056015108069105
raw_l1,0.0007127583749109052,0.2199074074074074,0.9035056061237572
raw_l1,0.0007127583749109052,0.22916666666666666,0.9018682223103999
raw_l1,0.0014255167498218105,0.22916666666666666,0.8989300620672476
raw_l1,0.0014255167498218105,0.2337962962962963,0.895095371693732
raw_l1,0.0021382751247327157,0.2337962962962963,0.8932817587101435
raw_l1,0.0021382751247327157,0.2361111111111111,0.8924991388245015
raw_l1,0.002851033499643621,0.2361111111111111,0.8904110867623416
raw_l1,0.002851033499643621,0.23842592592592593,0.8875974378441037
raw_l1,0.003563791874554526,0.23842592592592593,0.8820374474378264
raw_l1,0.003563791874554526,0.3263888888888889,0.8268931597662034
raw_l1,0.0042765502494654314,0.3263888888888889,0.8261108645888181
raw_l1,0.0042765502494654314,0.3449074074074074,0.8184778032945307
raw_l1,0.004989308624376337,0.3449074074074074,0.8150213250820649
raw_l1,0.004989308624376337,0.3587962962962963,0.8120742556541055
raw_l1,0.005702066999287242,0.3587962962962963,0.8116382241070919
raw_l1,0.005702066999287242,0.36342592592592593,0.8087299985290854
raw_l1,0.007127583749109052,0.36342592592592593,0.8081366133126845
raw_l1,0.007127583749109052,0.36574074074074076,0.8062598832966622
raw_l1,0.007840342124019958,0.36574074074074076,0.804361258116355
raw_l1,0.007840342124019958,0.3680555555555556,0.8014909157877488
raw_l1,0.008553100498930863,0.3680555555555556,0.7994277766390174
raw_l1,0.008553100498930863,0.3726851851851852,0.7989563722060398
raw_l1,0.009265858873841768,0.3726851851851852,0.7980768639805729
raw_l1,0.009265858873841768,0.375,0.7950874193834272
raw_l1,0.009978617248752673,0.375,0.7949071452919099
raw_l1,0.009978617248752673,0.3773148148148148,0.7937467558190782
raw_l1,0.010691375623663579,0.3773148148148148,0.7924613017053623
raw_l1,0.010691375623663579,0.38425925925925924,0.7882843153610194
raw_l1,0.011404133998574484,0.38425925925925924,0.7882458407869399
raw_l1,0.011404133998574484,0.3888888888888889,0.787522587190892
raw_l1,0.012829650748396294,0.3888888888888889,0.783561017165486
raw_l1,0.012829650748396294,0.39814814814814814,0.7775202394317563
raw_l1,0.014255167498218105,0.39814814814814814,0.7765818089565402
raw_l1,0.014255167498218105,0.4027777777777778,0.7753037852395672
raw_l1,0.015680684248039915,0.4027777777777778,0.774067600596146
raw_l1,0.015680684248039915,0.41203703703703703,0.7689631913032531
raw_l1,0.01639344262295082,0.41203703703703703,0.7676696133915792
raw_l1,0.01639344262295082,0.4212962962962963,0.763262084577552
raw_l1,0.01781895937277263,0.4212962962962963,0.7613931534448112
raw_l1,0.01781895937277263,0.42592592592592593,0.758203075762967
raw_l1,0.018531717747683536,0.42592592592592593,0.7574957731571589
raw_l1,0.018531717747683536,0.4305555555555556,0.755823043437629
raw_l1,0.01924447612259444,0.4305555555555556,0.754735600877004
raw_l1,0.01924447612259444,0.4351851851851852,0.7513742163122913
raw_l1,0.020669992872416252,0.4351851851851852,0.7489078101990932
raw_l1,0.020669992872416252,0.4398148148148148,0.7410288876705338
raw_l1,0.021382751247327157,0.4398148148148148,0.739011237584901
raw_l1,0.021382751247327157,0.4444444444444444,0.7377633289459222
raw_l1,0.022095509622238062,0.4444444444444444,0.7342202626481014
raw_l1,0.022095509622238062,0.4675925925925926,0.7194163033451209
raw_l1,0.022808267997148968,0.4675925925925926,0.7186723366156433
raw_l1,0.022808267997148968,0.4699074074074074,0.7178212678852668
raw_l1,0.023521026372059873,0.4699074074074074,0.7166561463318049
raw_l1,0.023521026372059873,0.4722222222222222,0.7163707373538454
raw_l1,0.024233784746970778,0.4722222222222222,0.715834153737233
raw_l1,0.024233784746970778,0.4791666666666667,0.7133259148482479
raw_l1,0.024946543121881683,0.4791666666666667,0.711320737169024
raw_l1,0.024946543121881683,0.4861111111111111,0.7029915659363166
raw_l1,0.026372059871703494,0.4861111111111111,0.7020978649368372
raw_l1,0.026372059871703494,0.4976851851851852,0.6954557459460822
raw_l1,0.0270848182466144,0.4976851851851852,0.689534326682307
raw_l1,0.0270848182466144,0.5069444444444444,0.6862022109978333
raw_l1,0.027797576621525304,0.5069444444444444,0.6819107789209734
raw_l1,0.027797576621525304,0.5092592592592593,0.6790484124647436
raw_l1,0.02851033499643621,0.5092592592592593,0.6789031720076195
raw_l1,0.02851033499643621,0.5185185185185185,0.6730648968914039
raw_l1,0.029223093371347115,0.5185185185185185,0.6714972509430872
raw_l1,0.029223093371347115,0.5208333333333334,0.6698735331795148
raw_l1,0.030648610121168925,0.5208333333333334,0.6680281256184721
raw_l1,0.030648610121168925,0.5231481481481481,0.6673738319654189
raw_l1,0.03136136849607983,0.5231481481481481,0.66451554578914
raw_l1,0.03136136849607983,0.5393518518518519,0.6428962743581783
raw_l1,0.03207412687099073,0.5393518518518519,0.6424593601830959
raw_l1,0.03207412687099073,0.5462962962962963,0.6337378576231393
raw_l1,0.03421240199572345,0.5462962962962963,0.6303775581525246
raw_l1,0.03421240199572345,0.5486111111111112,0.6274450918281239
raw_l1,0.03492516037063435,0.5486111111111112,0.6269898028218738
raw_l1,0.03492516037063435,0.5532407407407407,0.6246463006387996
raw_l1,0.03563791874554526,0.5532407407407407,0.6227360031547597
raw_l1,0.03563791874554526,0.5601851851851852,0.6173473158763909
raw_l1,0.03706343549536707,0.5601851851851852,0.6153327707454053
raw_l1,0.03706343549536707,0.5879629629629629,0.5963747745872057
raw_l1,0.037776193870277974,0.5879629629629629,0.5960360757616981
raw_l1,0.037776193870277974,0.5925925925925926,0.5956847922578429
raw_l1,0.039201710620099785,0.5925925925925926,0.5937124616570318
raw_l1,0.039201710620099785,0.5949074074074074,0.5914536158185444
raw_l1,0.040627227369921595,0.5949074074074074,0.5875340461823889
raw_l1,0.040627227369921595,0.5995370370370371,0.5826982345191454
raw_l1,0.041339985744832504,0.5995370370370371,0.5815396948600614
raw_l1,0.041339985744832504,0.6018518518518519,0.5805586123686055
raw_l1,0.042052744119743406,0.6018518518518519,0.580509848501666
raw_l1,0.042052744119743406,0.6111111111111112,0.56975258735129
raw_l1,0.043478260869565216,0.6111111111111112,0.5674146527894322
raw_l1,0.043478260869565216,0.6134259259259259,0.566625935325686
raw_l1,0.044191019244476125,0.6134259259259259,0.561793915744884
raw_l1,0.044191019244476125,0.6157407407407407,0.5585517541994982
raw_l1,0.04632929436920884,0.6157407407407407,0.5507057060803305
raw_l1,0.04632929436920884,0.625,0.548617659376822
raw_l1,0.047042052744119746,0.625,0.5473862918423018
raw_l1,0.047042052744119746,0.6273148148148148,0.5472698130437159
raw_l1,0.048467569493941556,0.6273148148148148,0.5448970525468345
raw_l1,0.048467569493941556,0.6388888888888888,0.5386382902152801
raw_l1,0.04918032786885246,0.6388888888888888,0.5372358754258406
raw_l1,0.04918032786885246,0.6435185185185185,0.5343939646646437
raw_l1,0.05131860299358518,0.6435185185185185,0.5295889442609413
raw_l1,0.05131860299358518,0.6458333333333334,0.5284489495829209
raw_l1,0.05203136136849608,0.6458333333333334,0.5281734003921325
raw_l1,0.05203136136849608,0.6597222222222222,0.5199533701944558
raw_l1,0.05274411974340699,0.6597222222222222,0.5192464651881864
raw_l1,0.05274411974340699,0.6643518518518519,0.5137427232681289
raw_l1,0.05345687811831789,0.6643518518518519,0.5134934336403303
raw_l1,0.05345687811831789,0.6666666666666666,0.5112716278541488
raw_l1,0.0548823948681397,0.6666666666666666,0.5090836050665047
raw_l1,0.0548823948681397,0.6689814814814815,0.5075539410831502
raw_l1,0.05702066999287242,0.6689814814814815,0.5066012374843313
raw_l1,0.05702066999287242,0.6712962962962963,0.5025395702116155
raw_l1,0.05844618674269423,0.6712962962962963,0.5002808176546943
raw_l1,0.05844618674269423,0.6736111111111112,0.4999664932656712
raw_l1,0.05987170349251604,0.6736111111111112,0.49669966311784863
raw_l1,0.05987170349251604,0.6782407407407407,0.49479530735776867
raw_l1,0.06129722024233785,0.6782407407407407,0.4912375122255581
raw_l1,0.06129722024233785,0.6851851851851852,0.4881226735097815
raw_l1,0.06343549536707056,0.6851851851851852,0.48327316766965234
raw_l1,0.06343549536707056,0.6875,0.4810634227916486
raw_l1,0.06628652886671418,0.6875,0.4705881036349401
raw_l1,0.06628652886671418,0.6898148148148148,0.46910837000358296
raw_l1,0.0684248039914469,0.6898148148148148,0.46823515025575535
raw_l1,0.0684248039914469,0.6921296296296297,0.4652941823746254
raw_l1,0.07341411261582323,0.6921296296296297,0.46104681217808074
raw_l1,0.07341411261582323,0.6944444444444444,0.46097846407950943
raw_l1,0.07697790449037777,0.6944444444444444,0.45562970885602694
raw_l1,0.07697790449037777,0.6967592592592593,0.45456888775061727
raw_l1,0.07911617961511047,0.6967592592592593,0.45262618915126057
raw_l1,0.07911617961511047,0.7013888888888888,0.45055013411897105
raw_l1,0.07982893799002139,0.7013888888888888,0.44831517038928265
raw_l1,0.07982893799002139,0.7037037037037037,0.44766846318586584
raw_l1,0.08054169636493229,0.7037037037037037,0.4459430971214266
raw_l1,0.08054169636493229,0.7060185185185185,0.4417178161537201
raw_l1,0.08125445473984319,0.7060185185185185,0.4410243979449126
raw_l1,0.08125445473984319,0.7083333333333334,0.4406112038076112
raw_l1,0.08196721311475409,0.7083333333333334,0.43989206005030645
raw_l1,0.08196721311475409,0.7106481481481481,0.4397833443399927
raw_l1,0.08267997148966501,0.7106481481481481,0.43978121781761087
raw_l1,0.08267997148966501,0.7152777777777778,0.4392602655058236
raw_l1,0.08339272986457591,0.7152777777777778,0.43829955130485554
raw_l1,0.08339272986457591,0.7175925925925926,0.4378330956793992
raw_l1,0.08410548823948681,0.7175925925925926,0.43682673771307484
raw_l1,0.08410548823948681,0.7222222222222222,0.4332604105011034
raw_l1,0.08481824661439771,0.7222222222222222,0.4311759993279389
raw_l1,0.08481824661439771,0.7337962962962963,0.42907970514132343
raw_l1,0.08553100498930863,0.7337962962962963,0.4290196254803359
raw_l1,0.08553100498930863,0.7361111111111112,0.4276066191816933
raw_l1,0.08624376336421953,0.7361111111111112,0.4253903369443646
raw_l1,0.08624376336421953,0.7384259259259259,0.4246899238799475
raw_l1,0.08766928011404133,0.7384259259259259,0.42222084612857086
raw_l1,0.08766928011404133,0.7430555555555556,0.42105830671234884
raw_l1,0.08838203848895225,0.7430555555555556,0.41918401205366
raw_l1,0.08838203848895225,0.7453703703703703,0.4184799194130308
raw_l1,0.08980755523877405,0.7453703703703703,0.416550054400106
raw_l1,0.08980755523877405,0.7476851851851852,0.4144315313887988
raw_l1,0.09408410548823949,0.7476851851851852,0.4060580917113868
raw_l1,0.09408410548823949,0.75,0.40599537923962875
raw_l1,0.0947968638631504,0.75,0.4038179633913998
raw_l1,0.0947968638631504,0.7546296296296297,0.40177072487060006
raw_l1,0.0962223806129722,0.7546296296296297,0.39949857984068116
raw_l1,0.0962223806129722,0.7569444444444444,0.3964853047732336
raw_l1,0.1104775481111903,0.7569444444444444,0.38397211512122986
raw_l1,0.1104775481111903,0.7592592592592593,0.3835851732667507
raw_l1,0.11119030648610122,0.7592592592592593,0.3835636112718156
raw_l1,0.11119030648610122,0.7615740740740741,0.3823550635709699
raw_l1,0.11190306486101212,0.7615740740740741,0.3791716445640546
raw_l1,0.11190306486101212,0.7662037037037037,0.37842538693888467
raw_l1,0.11261582323592302,0.7662037037037037,0.37682356810744816
raw_l1,0.11261582323592302,0.7708333333333334,0.37460606051494955
raw_l1,0.11903064861012116,0.7708333333333334,0.35799526568041556
raw_l1,0.11903064861012116,0.7777777777777778,0.35678832325359905
raw_l1,0.12188168210976479,0.7777777777777778,0.35343800291793287
raw_l1,0.12188168210976479,0.7847222222222222,0.35097702303456085
raw_l1,0.12544547398431932,0.7847222222222222,0.3450670647289438
raw_l1,0.12544547398431932,0.7870370370370371,0.3446610423506719
raw_l1,0.1261582323592302,0.7870370370370371,0.34232514871425046
raw_l1,0.1261582323592302,0.7893518518518519,0.34040258306409815
raw_l1,0.12900926585887385,0.7893518518518519,0.338077001937337
raw_l1,0.12900926585887385,0.7916666666666666,0.3369221596904984
raw_l1,0.13043478260869565,0.7916666666666666,0.33679116713844826
raw_l1,0.13043478260869565,0.7962962962962963,0.33581431487058777
raw_l1,0.13114754098360656,0.7962962962962963,0.33528033287248643
raw_l1,0.13114754098360656,0.7986111111111112,0.3350611248745022
raw_l1,0.1368496079828938,0.7986111111111112,0.32642942325338536
raw_l1,0.1368496079828938,0.8009259259259259,0.3258695001131338
raw_l1,0.14112615823235922,0.8009259259259259,0.32014144908853415
raw_l1,0.14112615823235922,0.8032407407407407,0.31969281391254906
raw_l1,0.14255167498218105,0.8032407407407407,0.31885747440569867
raw_l1,0.14255167498218105,0.8055555555555556,0.31855197298675186
raw_l1,0.14611546685673557,0.8055555555555556,0.312078937903677
raw_l1,0.14611546685673557,0.8078703703703703,0.3103694968405561
raw_l1,0.150392017106201,0.8078703703703703,0.30335799930346574
raw_l1,0.150392017106201,0.8194444444444444,0.29797606276919114
raw_l1,0.1511047754811119,0.8194444444444444,0.2969557235366631
raw_l1,0.1511047754811119,0.8217592592592593,0.2960998828370922
raw_l1,0.1518175338560228,0.8217592592592593,0.2958239933620957
raw_l1,0.1518175338560228,0.8240740740740741,0.2954470677737927
raw_l1,0.15324305060584462,0.8240740740740741,0.2940403260882124
raw_l1,0.15324305060584462,0.8263888888888888,0.2885678120145522
raw_l1,0.15823235923022094,0.8263888888888888,0.2822543722886018
raw_l1,0.15823235923022094,0.8287037037037037,0.28207653724199766
raw_l1,0.1617961511047755,0.8287037037037037,0.2775873093215237
raw_l1,0.1617961511047755,0.8333333333333334,0.2774392728844281
raw_l1,0.16250890947968638,0.8333333333333334,0.27696367941372946
raw_l1,0.16250890947968638,0.8356481481481481,0.27678848183056487
raw_l1,0.16393442622950818,0.8356481481481481,0.27108543710806465
raw_l1,0.16393442622950818,0.8379629629629629,0.27007855915784246
raw_l1,0.16535994297933002,0.8379629629629629,0.26676075025291246
raw_l1,0.16535994297933002,0.8425925925925926,0.26512908290123954
raw_l1,0.16749821810406273,0.8425925925925926,0.26229819641445423
raw_l1,0.16749821810406273,0.8449074074074074,0.2614419144792057
raw_l1,0.17391304347826086,0.8449074074074074,0.2568171577839423
raw_l1,0.17391304347826086,0.8472222222222222,0.2564422555132734
raw_l1,0.17533856022808267,0.8472222222222222,0.25597583628173015
raw_l1,0.17533856022808267,0.8495370370370371,0.2554524303382039
raw_l1,0.18317890235210263,0.8495370370370371,0.248524146630166
raw_l1,0.18317890235210263,0.8541666666666666,0.2475293001122616
raw_l1,0.18389166072701355,0.8541666666666666,0.24731036911837656
raw_l1,0.18389166072701355,0.8587962962962963,0.24691277285429367
raw_l1,0.18816821097647898,0.8587962962962963,0.24512283903751172
raw_l1,0.18816821097647898,0.8611111111111112,0.24435693162775707
raw_l1,0.1895937277263008,0.8611111111111112,0.24184248076882958
raw_l1,0.1895937277263008,0.8634259259259259,0.2409221558100426
raw_l1,0.19387027797576623,0.8634259259259259,0.2376481576122214
raw_l1,0.19387027797576623,0.8657407407407407,0.23761648427560864
raw_l1,0.19672131147540983,0.8657407407407407,0.23268960899092042
raw_l1,0.19672131147540983,0.8680555555555556,0.23268446076304533
raw_l1,0.19814682822523164,0.8680555555555556,0.2322489715442804
raw_l1,0.19814682822523164,0.8703703703703703,0.23181869942754907
raw_l1,0.19885958660014255,0.8703703703703703,0.23067694464150823
raw_l1,0.19885958660014255,0.8726851851851852,0.23067622119212797
raw_l1,0.20171062009978616,0.8726851851851852,0.22690307346591443
raw_l1,0.20171062009978616,0.875,0.22666252298741554
raw_l1,0.20883820384889523,0.875,0.2206793640247713
raw_l1,0.20883820384889523,0.8773148148148148,0.2193934177363364
raw_l1,0.21026372059871704,0.8773148148148148,0.215454210892641
raw_l1,0.21026372059871704,0.8796296296296297,0.2144633719339769
raw_l1,0.21596578759800428,0.8796296296296297,0.21082740627128982
raw_l1,0.21596578759800428,0.8842592592592593,0.20982968381004247
raw_l1,0.2166785459729152,0.8842592592592593,0.20927852283976686
raw_l1,0.2166785459729152,0.8865740740740741,0.20888185969604486
raw_l1,0.2209550962223806,0.8865740740740741,0.20544897801162798
raw_l1,0.2209550962223806,0.8888888888888888,0.20383998664392722
raw_l1,0.22238061297220243,0.8888888888888888,0.20331901275771574
raw_l1,0.22238061297220243,0.8912037037037037,0.20323866907267574
raw_l1,0.22309337134711332,0.8912037037037037,0.20255522512759563
raw_l1,0.22309337134711332,0.8935185185185185,0.20227938775460566
raw_l1,0.23378474697077692,0.8935185185185185,0.1947056577840042
raw_l1,0.23378474697077692,0.8958333333333334,0.19383651234053464
raw_l1,0.2344975053456878,0.8958333333333334,0.19375759489117383
raw_l1,0.2344975053456878,0.8981481481481481,0.19352001956736584
raw_l1,0.24091233071988596,0.8981481481481481,0.19059694238482175
raw_l1,0.24091233071988596,0.9027777777777778,0.18880661988183167
raw_l1,0.2451888809693514,0.9027777777777778,0.18544230966426414
raw_l1,0.2451888809693514,0.9050925925925926,0.18461297371855814
raw_l1,0.2459016393442623,0.9050925925925926,0.1843721091027012
raw_l1,0.2459016393442623,0.9074074074074074,0.18396246160428503
raw_l1,0.25160370634354956,0.9074074074074074,0.180931266369277
raw_l1,0.25160370634354956,0.9097222222222222,0.18020047631354777
raw_l1,0.25659301496792586,0.9097222222222222,0.17752718762108755
raw_l1,0.25659301496792586,0.9120370370370371,0.17696112811891038
raw_l1,0.2815395580898076,0.9120370370370371,0.15461645190181064
raw_l1,0.2815395580898076,0.9143518518518519,0.1536439715403763
raw_l1,0.285816108339273,0.9143518518518519,0.1514269941871311
raw_l1,0.285816108339273,0.9189814814814815,0.15060882776453316
raw_l1,0.30648610121168923,0.9189814814814815,0.1395186525886079
raw_l1,0.30648610121168923,0.9212962962962963,0.1385115865788819
raw_l1,0.30933713471133284,0.9212962962962963,0.13783385891791217
raw_l1,0.30933713471133284,0.9236111111111112,0.13640468670649486
raw_l1,0.3271560940841055,0.9236111111111112,0.12422454438578183
raw_l1,0.3271560940841055,0.9259259259259259,0.12392926571576277
raw_l1,0.3292943692088382,0.9259259259259259,0.12297569262475205
raw_l1,0.3292943692088382,0.9282407407407407,0.12256354261178438
raw_l1,0.34568781183178904,0.9282407407407407,0.11477854219866043
raw_l1,0.34568781183178904,0.9305555555555556,0.11460110018741955
raw_l1,0.34640057020669995,0.9305555555555556,0.11448164287999128
raw_l1,0.34640057020669995,0.9328703703703703,0.11397641819866197
raw_l1,0.35138987883107625,0.9328703703703703,0.11047749366620147
raw_l1,0.35138987883107625,0.9351851851851852,0.11010255164502311
raw_l1,0.3649322879543835,0.9351851851851852,0.10649815601020331
raw_l1,0.3649322879543835,0.9375,0.10588267241971532
raw_l1,0.3713471133285816,0.9375,0.10364432128280673
raw_l1,0.3713471133285816,0.9398148148148148,0.10355161986762329
raw_l1,0.3806129722024234,0.9398148148148148,0.10016975971817117
raw_l1,0.3806129722024234,0.9421296296296297,0.10001785012172555
raw_l1,0.39272986457590875,0.9421296296296297,0.09636416648707984
raw_l1,0.39272986457590875,0.9467592592592593,0.09622314976731386
raw_l1,0.4012829650748396,0.9467592592592593,0.09309511599251748
raw_l1,0.4012829650748396,0.9490740740740741,0.09223967670682644
raw_l1,0.4069850320741269,0.9490740740740741,0.08911081560810946
raw_l1,0.4069850320741269,0.9513888888888888,0.08904084028154219
raw_l1,0.4105488239486814,0.9513888888888888,0.08827326320427605
raw_l1,0.4105488239486814,0.9537037037037037,0.08791571803803616
raw_l1,0.4148253741981468,0.9537037037037037,0.08663251801776355
raw_l1,0.4148253741981468,0.9583333333333334,0.08511183260902559
raw_l1,0.44048467569493943,0.9583333333333334,0.07549092999474999
raw_l1,0.44048467569493943,0.9606481481481481,0.0754362738128832
raw_l1,0.4518888096935139,0.9606481481481481,0.07314417134593167
raw_l1,0.4518888096935139,0.9629629629629629,0.07287999602363121
raw_l1,0.4547398431931575,0.9629629629629629,0.07235961358194201
raw_l1,0.4547398431931575,0.9652777777777778,0.07230326033193628
raw_l1,0.46970776906628653,0.9652777777777778,0.06823187514906007
raw_l1,0.46970776906628653,0.9675925925925926,0.06807180853564385
raw_l1,0.48823948681397006,0.9675925925925926,0.06156122308197631
raw_l1,0.48823948681397006,0.9699074074074074,0.0613164689393991
raw_l1,0.5067712045616536,0.9699074074074074,0.05322767619620368
raw_l1,0.5067712045616536,0.9722222222222222,0.05257086099134154
raw_l1,0.5167498218104063,0.9722222222222222,0.04918527522254984
raw_l1,0.5167498218104063,0.9745370370370371,0.04913353027580711
raw_l1,0.5502494654312188,0.9745370370370371,0.04006388649416582
raw_l1,0.5502494654312188,0.9768518518518519,0.03987715438505574
raw_l1,0.5858873841767641,0.9768518518518519,0.031715112558596395
raw_l1,0.5858873841767641,0.9791666666666666,0.03141570568844851
raw_l1,0.5915894511760513,0.9791666666666666,0.03054958772076501
raw_l1,0.5915894511760513,0.9814814814814815,0.03045889590475705
raw_l1,0.6065573770491803,0.9814814814814815,0.027682083490357737
raw_l1,0.6065573770491803,0.9837962962962963,0.027655221953664204
raw_l1,0.6229508196721312,0.9837962962962963,0.02566268164407961
raw_l1,0.6229508196721312,0.9861111111111112,0.02512883715185616
raw_l1,0.6272273699215966,0.9861111111111112,0.023700506236659837
raw_l1,0.6272273699215966,0.9884259259259259,0.023636209194973248
raw_l1,0.6514611546685674,0.9884259259259259,0.02064521257836809
raw_l1,0.6514611546685674,0.9907407407407407,0.020562848838254103
raw_l1,0.6521739130434783,0.9907407407407407,0.02046044821301171
raw_l1,0.6521739130434783,0.9930555555555556,0.020410310420004744
raw_l1,0.6956521739130435,0.9930555555555556,0.013470794788398336
raw_l1,0.6956521739130435,0.9953703703703703,0.013258909173172784
raw_l1,0.789736279401283,0.9953703703703703,0.00633384892746658
raw_l1,0.789736279401283,0.9976851851851852,0.006304451323061524
raw_l1,0.9857448325017819,0.9976851851851852,8.556208793645878e-05
raw_l1,0.9857448325017819,1.0,8.036152986936983e-05
raw_l1,1.0,1.0,9.510638942530766e-06
sklearn_rectified,0.0,0.0,inf
sklearn_rectified,0.0,0.0023148148148148147,0.9991181712153466
sklearn_rectified,0.0,0.006944444444444444,0.9988765830964259
sklearn_rectified,0.0,0.018518518518518517,0.9980969424184393
sklearn_rectified,0.0,0.023148148148148147,0.9980557371400702
sklearn_rectified,0.0,0.02546296296296296,0.9980483663788131
sklearn_rectified,0.0,0.03009259259259259,0.9979438328728579
sklearn_rectified,0.0,0.0625,0.9970098425861946
sklearn_rectified,0.0,0.06712962962962964,0.9970008726958137
sklearn_rectified,0.0,0.10185185185185185,0.9968289694347359
sklearn_rectified,0.0,0.11574074074074074,0.99676950546168
sklearn_rectified,0.0,0.12268518518518519,0.9967161391260982
sklearn_rectified,0.0,0.14814814814814814,0.9967062107393618
sklearn_rectified,0.0,0.9490740740740741,0.9967062107393616
sklearn_rectified,0.0,0.9907407407407407,0.6178750707605056
sklearn_rectified,0.0014255167498218105,0.9907407407407407,0.30255576575234666
sklearn_rectified,0.004989308624376337,0.9907407407407407,0.046138828490806465
sklearn_rectified,0.006414825374198147,0.9907407407407407,0.039972067711137725
sklearn_rectified,0.007840342124019958,0.9930555555555556,0.03627008051256483
sklearn_rectified,0.012829650748396294,0.9930555555555556,0.016906570393435856
sklearn_rectified,0.01639344262295082,0.9930555555555556,0.016054621787612296
sklearn_rectified,0.01924447612259444,0.9930555555555556,0.01246991577611941
sklearn_rectified,0.023521026372059873,0.9953703703703703,0.01233576392037782
sklearn_rectified,0.024233784746970778,0.9953703703703703,0.012005423577132919
sklearn_rectified,0.024233784746970778,0.9976851851851852,0.01167776756655129
sklearn_rectified,0.02851033499643621,0.9976851851851852,0.009145416339560487
sklearn_rectified,0.03136136849607983,0.9976851851851852,0.00882026778400992
sklearn_rectified,0.03848895224518888,0.9976851851851852,0.0063121913438088
sklearn_rectified,0.03991446899501069,0.9976851851851852,0.006086436280706946
sklearn_rectified,0.04632929436920884,0.9976851851851852,0.005075111722220508
sklearn_rectified,0.048467569493941556,0.9976851851851852,0.005034649901865472
sklearn_rectified,0.05060584461867427,0.9976851851851852,0.0047901357890188755
sklearn_rectified,0.05203136136849608,0.9976851851851852,0.004507489173618286
sklearn_rectified,0.0541696364932288,0.9976851851851852,0.004485665572137683
sklearn_rectified,0.05559515324305061,0.9976851851851852,0.004204079625140052
sklearn_rectified,0.05702066999287242,0.9976851851851852,0.0042026564731103555
sklearn_rectified,0.05915894511760513,0.9976851851851852,0.003977135610260339
sklearn_rectified,0.06200997861724875,0.9976851851851852,0.003925254969252333
sklearn_rectified,0.06557377049180328,0.9976851851851852,0.0034940394102352893
sklearn_rectified,0.06771204561653599,0.9976851851851852,0.0034940394102352273
sklearn_rectified,0.07056307911617961,0.9976851851851852,0.0033889752514208154
sklearn_rectified,0.07270135424091233,0.9976851851851852,0.0032648197291666884
sklearn_rectified,0.07697790449037777,0.9976851851851852,0.0030335453474239697
sklearn_rectified,0.07840342124019957,0.9976851851851852,0.0030124198597011147
sklearn_rectified,0.09408410548823949,0.9976851851851852,0.0023136150023848217
sklearn_rectified,0.09693513898788311,0.9976851851851852,0.0023126736241660074
sklearn_rectified,0.09907341411261582,0.9976851851851852,0.0022761195538410226
sklearn_rectified,0.10121168923734854,0.9976851851851852,0.002225116056016015
sklearn_rectified,0.10477548111190306,0.9976851851851852,0.002158641059011951
sklearn_rectified,0.10620099786172488,0.9976851851851852,0.00214272883960979
sklearn_rectified,0.11119030648610122,0.9976851851851852,0.0018821032490895213
sklearn_rectified,0.11831789023521026,0.9976851851851852,0.001872819205262492
sklearn_rectified,0.11974340698503208,0.9976851851851852,0.001805483366783137
sklearn_rectified,0.1240199572344975,0.9976851851851852,0.001804738793926557
sklearn_rectified,0.12829650748396293,0.9976851851851852,0.001694967473020368
sklearn_rectified,0.12972202423378476,0.9976851851851852,0.0016738620982807465
sklearn_rectified,0.1368496079828938,0.9976851851851852,0.0015661063305051992
sklearn_rectified,0.1382751247327156,0.9976851851851852,0.0015542923343588417
sklearn_rectified,0.14112615823235922,0.9976851851851852,0.001554063606041508
sklearn_rectified,0.14540270848182466,0.9976851851851852,0.0014906686301048215
sklearn_rectified,0.1482537419814683,0.9976851851851852,0.0014904506682625286
sklearn_rectified,0.1496792587312901,0.9976851851851852,0.001481709064970733
sklearn_rectified,0.15395580898075553,0.9976851851851852,0.0014298338053036251
sklearn_rectified,0.15538132573057734,0.9976851851851852,0.0014268373329361906
sklearn_rectified,0.16108339272986458,0.9976851851851852,0.001371575341467268
sklearn_rectified,0.1632216678545973,0.9976851851851852,0.0013566230814280682
sklearn_rectified,0.16535994297933002,0.9976851851851852,0.001290133797850766
sklearn_rectified,0.16892373485388454,0.9976851851851852,0.001270073174822874
sklearn_rectified,0.16963649322879543,0.9976851851851852,0.0012700731748228559
sklearn_rectified,0.17177476835352815,0.9976851851851852,0.001265331171490072
sklearn_rectified,0.17462580185317178,0.9976851851851852,0.0012402802907231533
sklearn_rectified,0.17605131860299358,0.9976851851851852,0.0012217858904930428
sklearn_rectified,0.1781895937277263,0.9976851851851852,0.0012062845349236112
sklearn_rectified,0.1810406272273699,0.9976851851851852,0.00120452178955092
sklearn_rectified,0.18389166072701355,0.9976851851851852,0.0011736606568553663
sklearn_rectified,0.18816821097647898,0.9976851851851852,0.0011526183059270042
sklearn_rectified,0.1903064861012117,0.9976851851851852,0.0011145207079104283
sklearn_rectified,0.1924447612259444,0.9976851851851852,0.0010863054567380858
sklearn_rectified,0.20171062009978616,0.9976851851851852,0.0009426616867314095
sklearn_rectified,0.203136136849608,0.9976851851851852,0.000934671531325359
sklearn_rectified,0.2059871703492516,0.9976851851851852,0.0008917200318002225
sklearn_rectified,0.2074126870990734,0.9976851851851852,0.0008864056310043979
sklearn_rectified,0.21168923734853884,0.9976851851851852,0.0008396137160212553
sklearn_rectified,0.21382751247327156,0.9976851851851852,0.0008396137160212329
sklearn_rectified,0.21596578759800428,0.9976851851851852,0.0008156153209624016
sklearn_rectified,0.218104062722737,0.9976851851851852,0.0008079593275113288
sklearn_rectified,0.21881682109764788,0.9976851851851852,0.0007992623882875497
sklearn_rectified,0.22166785459729152,0.9976851851851852,0.0007854595862293182
sklearn_rectified,0.22808267997148968,0.9976851851851852,0.0007109708937564831
sklearn_rectified,0.23093371347113328,0.9976851851851852,0.0007056645215032828
sklearn_rectified,0.2316464718460442,0.9976851851851852,0.0006975559558003579
sklearn_rectified,0.233071988595866,0.9976851851851852,0.0006956458640600829
sklearn_rectified,0.23521026372059872,0.9976851851851852,0.0006930222890033622
sklearn_rectified,0.2359230220955096,0.9976851851851852,0.0006864509488868257
sklearn_rectified,0.23734853884533144,0.9976851851851852,0.000682599136469941
sklearn_rectified,0.24162508909479685,0.9976851851851852,0.000676454740333385
sklearn_rectified,0.25017818959372773,0.9976851851851852,0.0005916584516035507
sklearn_rectified,0.25160370634354956,0.9976851851851852,0.0005804103371752172
sklearn_rectified,0.25445473984319317,0.9976851851851852,0.0005313641459387422
sklearn_rectified,0.2573057733428368,0.9976851851851852,0.0005261902347385531
sklearn_rectified,0.2580185317177477,0.9976851851851852,0.0005237965483244248
sklearn_rectified,0.26229508196721313,0.9976851851851852,0.0005102281930380458
sklearn_rectified,0.26300784034212404,0.9976851851851852,0.0004955772774493819
sklearn_rectified,0.2644333570919458,0.9976851851851852,0.0004926177875186981
sklearn_rectified,0.2672843905915894,0.9976851851851852,0.0004659021062695944
sklearn_rectified,0.2701354240912331,0.9976851851851852,0.0004648926939881308
sklearn_rectified,0.27441197434069853,0.9976851851851852,0.00045524771561712875
sklearn_rectified,0.2758374910905203,0.9976851851851852,0.00045347568054229234
sklearn_rectified,0.27726300784034213,0.9976851851851852,0.0004519823545411367
sklearn_rectified,0.28082679971489666,0.9976851851851852,0.00045106950139569906
sklearn_rectified,0.2851033499643621,0.9976851851851852,0.00041972344248646863
sklearn_rectified,0.2886671418389166,0.9976851851851852,0.00041688591238241
sklearn_rectified,0.2900926585887384,0.9976851851851852,0.0004143202366706901
sklearn_rectified,0.29223093371347114,0.9976851851851852,0.0004053304912940314
sklearn_rectified,0.29436920883820383,0.9976851851851852,0.000393740636344132
sklearn_rectified,0.2965074839629366,0.9976851851851852,0.0003910281069876359
sklearn_rectified,0.2993585174625802,0.9976851851851852,0.00037997949293453706
sklearn_rectified,0.3036350677120456,0.9976851851851852,0.0003733827143394556
sklearn_rectified,0.3057733428367783,0.9976851851851852,0.00036460926398115633
sklearn_rectified,0.30933713471133284,0.9976851851851852,0.0003614669636996081
sklearn_rectified,0.31004989308624376,0.9976851851851852,0.00036126333250261253
sklearn_rectified,0.3271560940841055,0.9976851851851852,0.0003595885091948289
sklearn_rectified,0.3300071275837491,0.9976851851851852,0.00035614235243282093
sklearn_rectified,0.3321454027084818,0.9976851851851852,0.00035531340611305557
sklearn_rectified,0.33856022808268,0.9976851851851852,0.0003330685610246607
sklearn_rectified,0.34853884533143265,1.0,0.000332097572660263
sklearn_rectified,0.35424091233071986,1.0,0.00028066786024942623
sklearn_rectified,0.3556664290805417,1.0,0.0002799924525106727
sklearn_rectified,0.35780470420527444,1.0,0.0002765657796676781
sklearn_rectified,0.36065573770491804,1.0,0.0002664000380875957
sklearn_rectified,0.36136849607982896,1.0,0.00026474309231621767
sklearn_rectified,0.36279401282965074,1.0,0.00025937407467182795
sklearn_rectified,0.36421952957947257,1.0,0.0002519503440459218
sklearn_rectified,0.3670705630791162,1.0,0.0002517650261786889
sklearn_rectified,0.3692088382038489,1.0,0.0002501279895957828
sklearn_rectified,0.3713471133285816,1.0,0.00024088131965685323
sklearn_rectified,0.37277263007840344,1.0,0.00023847368230343687
sklearn_rectified,0.3799002138275125,1.0,0.00020671788371405441
sklearn_rectified,0.3856022808267997,1.0,0.00020036175813197796
sklearn_rectified,0.38774055595153245,1.0,0.00019838690108774806
sklearn_rectified,0.38987883107626514,1.0,0.00018750496516625756
sklearn_rectified,0.391304347826087,1.0,0.00018667821536236487
sklearn_rectified,0.3948681397006415,1.0,0.00017619438114227116
sklearn_rectified,0.39914468995010693,1.0,0.00017379496727336938
sklearn_rectified,0.40199572344975054,1.0,0.00017043906568472205
sklearn_rectified,0.4034212401995723,1.0,0.00016785668004424577
sklearn_rectified,0.40484675694939415,1.0,0.00015859236462656688
sklearn_rectified,0.4112615823235923,1.0,0.00015519465916843267
sklearn_rectified,0.413399857448325,1.0,0.0001543528599335123
sklearn_rectified,0.4148253741981468,1.0,0.0001529284202986581
sklearn_rectified,0.41767640769779046,1.0,0.00014879446287737009
sklearn_rectified,0.41910192444761224,1.0,0.00014826616575803483
sklearn_rectified,0.421240199572345,1.0,0.00014096160077774336
sklearn_rectified,0.42266571632216676,1.0,0.00013983083192181726
sklearn_rectified,0.42836778332145403,1.0,0.00013954696048181612
sklearn_rectified,0.45830363506771205,1.0,0.00013863949148978702
sklearn_rectified,0.4597291518175339,1.0,0.00013760956026053782
sklearn_rectified,0.46186742694226657,1.0,0.00013572800347085425
sklearn_rectified,0.466143977191732,1.0,0.00013508984823587137
sklearn_rectified,0.481111903064861,1.0,0.00010225326319803277
sklearn_rectified,0.48253741981468284,1.0,0.0001005731766775078
sklearn_rectified,0.48823948681397006,1.0,7.191668411870217e-05
sklearn_rectified,0.49607982893799,1.0,3.87698554050219e-05
sklearn_rectified,0.49964362081254454,1.0,1.8275416591898734e-05
sklearn_rectified,0.5010691375623664,1.0,1.8094403094097028e-05
sklearn_rectified,0.5060584461867427,1.0,1.5590064319555363e-06
sklearn_rectified,0.5089094796863863,1.0,1.4264186383432528e-06
sklearn_rectified,0.5174625801853172,1.0,5.249251341883769e-07
sklearn_rectified,0.5196008553100498,1.0,5.15687217650429e-07
sklearn_rectified,0.5267284390591589,1.0,2.4398396748653857e-07
sklearn_rectified,0.5281539558089807,1.0,2.2251980479093066e-07
sklearn_rectified,0.5295794725588026,1.0,2.0008083595891678e-07
sklearn_rectified,0.5310049893086244,1.0,1.9999193665694408e-07
sklearn_rectified,0.5359942979330007,1.0,1.4797210485428278e-07
sklearn_rectified,0.5374198146828225,1.0,1.4419505792566193e-07
sklearn_rectified,0.5395580898075553,1.0,1.2454734344850838e-07
sklearn_rectified,0.5409836065573771,1.0,1.128879743459927e-07
sklearn_rectified,0.556664290805417,1.0,5.1974793176470656e-08
sklearn_rectified,0.5580898075552387,1.0,5.075941151182115e-08
sklearn_rectified,0.5759087669280114,1.0,2.2277340425184994e-08
sklearn_rectified,0.5780470420527442,1.0,2.223187489266068e-08
sklearn_rectified,0.5801853171774768,1.0,1.922629700325407e-08
sklearn_rectified,0.5816108339272986,1.0,1.841847476368373e-08
sklearn_rectified,0.609408410548824,1.0,8.664195352689436e-09
sklearn_rectified,0.6115466856735566,1.0,7.661007665984256e-09
sklearn_rectified,0.6215253029223093,1.0,6.206121593463842e-09
sklearn_rectified,0.624376336421953,1.0,6.077432061076182e-09
sklearn_rectified,0.6250890947968638,1.0,6.023361186520722e-09
sklearn_rectified,0.6265146115466856,1.0,5.926229200065223e-09
sklearn_rectified,0.6293656450463293,1.0,5.866077433381037e-09
sklearn_rectified,0.6329294369208838,1.0,5.511844700336151e-09
sklearn_rectified,0.6343549536707056,1.0,5.464441854046075e-09
sklearn_rectified,0.6443335709194583,1.0,4.684536061069987e-09
sklearn_rectified,0.6457590876692801,1.0,4.565417074483102e-09
sklearn_rectified,0.6557377049180327,1.0,3.426116851736808e-09
sklearn_rectified,0.6585887384176764,1.0,3.383127694549333e-09
sklearn_rectified,0.6685673556664291,1.0,2.640863027641665e-09
sklearn_rectified,0.6714183891660727,1.0,2.552639191971077e-09
sklearn_rectified,0.6721311475409836,1.0,2.550452510709611e-09
sklearn_rectified,0.6735566642908054,1.0,2.535247327836864e-09
sklearn_rectified,0.6785459729151817,1.0,2.363726206864965e-09
sklearn_rectified,0.6799714896650035,1.0,2.3574222910814902e-09
sklearn_rectified,0.6806842480399145,1.0,2.3518237631260426e-09
sklearn_rectified,0.6821097647897363,1.0,2.3516980613460695e-09
sklearn_rectified,0.6828225231646472,1.0,2.3305090605937713e-09
sklearn_rectified,0.684248039914469,1.0,2.2968828813403912e-09
sklearn_rectified,0.6863863150392017,1.0,2.244716686121367e-09
sklearn_rectified,0.6878118317890235,1.0,2.2314266066457032e-09
sklearn_rectified,0.6899501069137562,1.0,2.130548996444827e-09
sklearn_rectified,0.692088382038489,1.0,2.129083527285274e-09
sklearn_rectified,0.6935138987883107,1.0,2.066312294598273e-09
sklearn_rectified,0.6949394155381325,1.0,1.993217596989198e-09
sklearn_rectified,0.7013542409123307,1.0,1.8647292670279883e-09
sklearn_rectified,0.7042052744119743,1.0,1.8646295997859785e-09
sklearn_rectified,0.707056307911618,1.0,1.7877615767151281e-09
sklearn_rectified,0.7084818246614397,1.0,1.7807339036711369e-09
sklearn_rectified,0.7120456165359943,1.0,1.6256648238592456e-09
sklearn_rectified,0.7134711332858161,1.0,1.6160399055536277e-09
sklearn_rectified,0.7205987170349252,1.0,1.4942939766401447e-09
sklearn_rectified,0.7227369921596579,1.0,1.4913767668658602e-09
sklearn_rectified,0.7263007840342124,1.0,1.4421408063236088e-09
sklearn_rectified,0.7277263007840342,1.0,1.433602461121771e-09
sklearn_rectified,0.7355666429080542,1.0,1.1775276200616298e-09
sklearn_rectified,0.736992159657876,1.0,1.1551589079885016e-09
sklearn_rectified,0.7391304347826086,1.0,1.1475695050799246e-09
sklearn_rectified,0.7405559515324305,1.0,1.0784203914734777e-09
sklearn_rectified,0.7640769779044904,1.0,6.251560412729093e-10
sklearn_rectified,0.7655024946543122,1.0,6.186014227542371e-10
sklearn_rectified,0.7676407697790449,1.0,6.034971731468877e-10
sklearn_rectified,0.7690662865288667,1.0,6.02315240806673e-10
sklearn_rectified,0.7704918032786885,1.0,5.846789360320535e-10
sklearn_rectified,0.7719173200285103,1.0,5.827153996875317e-10
sklearn_rectified,0.7733428367783322,1.0,5.666361053689444e-10
sklearn_rectified,0.7776193870277975,1.0,5.562214434655576e-10
sklearn_rectified,0.7783321454027085,1.0,5.558950882868225e-10
sklearn_rectified,0.7811831789023521,1.0,5.526038533788521e-10
sklearn_rectified,0.782608695652174,1.0,5.411945631280035e-10
sklearn_rectified,0.7847469707769066,1.0,5.409973631751815e-10
sklearn_rectified,0.7883107626514612,1.0,5.216081306037372e-10
sklearn_rectified,0.789736279401283,1.0,5.164852585103621e-10
sklearn_rectified,0.7925873129009265,1.0,4.889889328492398e-10
sklearn_rectified,0.7940128296507484,1.0,4.871828259119085e-10
sklearn_rectified,0.804704205274412,1.0,3.9271792802607253e-10
sklearn_rectified,0.8061297220242338,1.0,3.876326627713634e-10
sklearn_rectified,0.8082679971489665,1.0,3.7528951553271115e-10
sklearn_rectified,0.8096935138987883,1.0,3.741809054525948e-10
sklearn_rectified,0.8161083392729864,1.0,3.0734773126242485e-10
sklearn_rectified,0.8175338560228083,1.0,3.0023594292603975e-10
sklearn_rectified,0.8246614397719173,1.0,2.3637552026803647e-10
sklearn_rectified,0.8260869565217391,1.0,2.343420079346686e-10
sklearn_rectified,0.8296507483962936,1.0,2.131306641244281e-10
sklearn_rectified,0.8310762651461154,1.0,2.012796670288648e-10
sklearn_rectified,0.8317890235210263,1.0,1.9719045407500154e-10
sklearn_rectified,0.8332145402708482,1.0,1.9110591286465594e-10
sklearn_rectified,0.83464005702067,1.0,1.8104868499040447e-10
sklearn_rectified,0.8360655737704918,1.0,1.7664814696404817e-10
sklearn_rectified,0.8403421240199572,1.0,1.5252268501462936e-10
sklearn_rectified,0.8524590163934426,1.0,1.5222492521965175e-10
sklearn_rectified,0.8567355666429081,1.0,1.4902770338848597e-10
sklearn_rectified,0.8588738417676408,1.0,1.4832692200374404e-10
sklearn_rectified,0.8610121168923734,1.0,3.8157530804323256e-11
sklearn_rectified,0.8624376336421953,1.0,8.680489239676741e-12
sklearn_rectified,0.8745545260156807,1.0,2.275613875272045e-13
sklearn_rectified,0.8774055595153243,1.0,2.18227943209943e-13
sklearn_rectified,0.8781183178902352,1.0,1.9593895039883926e-13
sklearn_rectified,0.8809693513898789,1.0,1.2298813682641396e-13
sklearn_rectified,0.909479686386315,1.0,1.0714022697928351e-14
sklearn_rectified,0.9109052031361369,1.0,1.0650573267648237e-14
sklearn_rectified,0.9166072701354241,1.0,8.444487218272019e-15
sklearn_rectified,0.9187455452601568,1.0,8.225629081438328e-15
sklearn_rectified,0.9201710620099787,1.0,7.894594635571322e-15
sklearn_rectified,0.9258731290092659,1.0,6.485296421792177e-15
sklearn_rectified,0.9272986457590877,1.0,6.4585944685549495e-15
sklearn_rectified,0.9444048467569494,1.0,2.6250317124262708e-15
sklearn_rectified,0.9465431218816821,1.0,2.087905723745051e-15
sklearn_rectified,0.970064148253742,1.0,7.643203566095551e-16
sklearn_rectified,0.9714896650035638,1.0,7.399719156233409e-16
sklearn_rectified,0.9729151817533856,1.0,6.994203713957157e-16
sklearn_rectified,0.9757662152530292,1.0,6.298328524420245e-16
sklearn_rectified,1.0,1.0,1.5543578075018758e-25
sklearn_raw,0.0,0.0,inf
sklearn_raw,0.0,0.0023148148148148147,0.9991900328597703
sklearn_raw,0.0,0.2361111111111111,0.8634814921550057
sklearn_raw,0.0007127583749109052,0.2361111111111111,0.8627520892906946
sklearn_raw,0.0007127583749109052,0.24074074074074073,0.8622280087962195
sklearn_raw,0.0014255167498218105,0.24074074074074073,0.860527412577855
sklearn_raw,0.0014255167498218105,0.24305555555555555,0.8564225089655829
sklearn_raw,0.002851033499643621,0.24305555555555555,0.8526604042511597
sklearn_raw,0.002851033499643621,0.2569444444444444,0.8460032186847796
sklearn_raw,0.003563791874554526,0.2569444444444444,0.8447330034072724
sklearn_raw,0.003563791874554526,0.26851851851851855,0.836224363268293
sklearn_raw,0.0042765502494654314,0.26851851851851855,0.8358599584149455
sklearn_raw,0.0042765502494654314,0.2824074074074074,0.8245021173517358
sklearn_raw,0.004989308624376337,0.2824074074074074,0.8215626334292857
sklearn_raw,0.004989308624376337,0.30092592592592593,0.8157336775903203
sklearn_raw,0.005702066999287242,0.30092592592592593,0.8147847025450285
sklearn_raw,0.005702066999287242,0.30324074074074076,0.8142781625141029
sklearn_raw,0.006414825374198147,0.30324074074074076,0.8142500624318937
sklearn_raw,0.006414825374198147,0.32175925925925924,0.8089032459837991
sklearn_raw,0.007127583749109052,0.32175925925925924,0.8066447388657672
sklearn_raw,0.007127583749109052,0.3263888888888889,0.8058135056565647
sklearn_raw,0.007840342124019958,0.3263888888888889,0.8046752372838928
sklearn_raw,0.007840342124019958,0.3333333333333333,0.8025032432824598
sklearn_raw,0.008553100498930863,0.3333333333333333,0.8024543434577551
sklearn_raw,0.008553100498930863,0.33564814814814814,0.8017663073129717
sklearn_raw,0.009978617248752673,0.33564814814814814,0.8000662947736054
sklearn_raw,0.009978617248752673,0.3402777777777778,0.7984808293467793
sklearn_raw,0.010691375623663579,0.3402777777777778,0.7973386147268237
sklearn_raw,0.010691375623663579,0.3449074074074074,0.7943738584028149
sklearn_raw,0.011404133998574484,0.3449074074074074,0.7926722949308564
sklearn_raw,0.011404133998574484,0.35185185185185186,0.7906284009577996
sklearn_raw,0.012116892373485389,0.35185185185185186,0.7882096173335018
sklearn_raw,0.012116892373485389,0.3541666666666667,0.7881792341206565
sklearn_raw,0.012829650748396294,0.3541666666666667,0.7881754161662372
sklearn_raw,0.012829650748396294,0.3587962962962963,0.7868459296242386
sklearn_raw,0.014255167498218105,0.3587962962962963,0.786297810611873
sklearn_raw,0.014255167498218105,0.36342592592592593,0.78215621122047
sklearn_raw,0.01496792587312901,0.36342592592592593,0.7802991903012896
sklearn_raw,0.01496792587312901,0.3888888888888889,0.7665658795556035
sklearn_raw,0.01639344262295082,0.3888888888888889,0.765852707351696
sklearn_raw,0.01639344262295082,0.39814814814814814,0.7573087469197322
sklearn_raw,0.017106200997861726,0.39814814814814814,0.7568305432451836
sklearn_raw,0.017106200997861726,0.4050925925925926,0.7542866747401049
sklearn_raw,0.01781895937277263,0.4050925925925926,0.7524777968708374
sklearn_raw,0.01781895937277263,0.41898148148148145,0.7441263364332537
sklearn_raw,0.018531717747683536,0.41898148148148145,0.7440382844503545
sklearn_raw,0.018531717747683536,0.4212962962962963,0.7421892594024005
sklearn_raw,0.019957234497505347,0.4212962962962963,0.7279121755294906
sklearn_raw,0.019957234497505347,0.42592592592592593,0.7253378520264383
sklearn_raw,0.020669992872416252,0.42592592592592593,0.7252395451163531
sklearn_raw,0.020669992872416252,0.4351851851851852,0.72087277313318
sklearn_raw,0.022095509622238062,0.4351851851851852,0.7184130292249399
sklearn_raw,0.022095509622238062,0.4375,0.7154253885788122
sklearn_raw,0.023521026372059873,0.4375,0.7128873729426667
sklearn_raw,0.023521026372059873,0.44212962962962965,0.7114781297692802
sklearn_raw,0.024233784746970778,0.44212962962962965,0.7094447518902369
sklearn_raw,0.024233784746970778,0.44675925925925924,0.7091943229092812
sklearn_raw,0.02565930149679259,0.44675925925925924,0.7040851543110332
sklearn_raw,0.02565930149679259,0.4513888888888889,0.6953594329772831
sklearn_raw,0.0270848182466144,0.4513888888888889,0.6896807773575102
sklearn_raw,0.0270848182466144,0.45601851851851855,0.6883154124417303
sklearn_raw,0.027797576621525304,0.45601851851851855,0.6872377358385086
sklearn_raw,0.027797576621525304,0.46064814814814814,0.6868247908162978
sklearn_raw,0.02851033499643621,0.46064814814814814,0.6862929952882817
sklearn_raw,0.02851033499643621,0.4699074074074074,0.6830151119518195
sklearn_raw,0.03136136849607983,0.4699074074074074,0.6799320744790948
sklearn_raw,0.03136136849607983,0.4837962962962963,0.6711083804960298
sklearn_raw,0.03207412687099073,0.4837962962962963,0.6706798500115543
sklearn_raw,0.03207412687099073,0.48842592592592593,0.6618725920290048
sklearn_raw,0.03349964362081254,0.48842592592592593,0.6593366078144067
sklearn_raw,0.03349964362081254,0.49074074074074076,0.6576746970848286
sklearn_raw,0.03492516037063435,0.49074074074074076,0.6559173057886675
sklearn_raw,0.03492516037063435,0.4930555555555556,0.6548063484420822
sklearn_raw,0.037776193870277974,0.4930555555555556,0.6486520080573412
sklearn_raw,0.037776193870277974,0.5,0.6422312926113897
sklearn_raw,0.03848895224518888,0.5,0.6416360823478024
sklearn_raw,0.03848895224518888,0.5092592592592593,0.6340033385349307
sklearn_raw,0.03991446899501069,0.5092592592592593,0.6320494762393807
sklearn_raw,0.03991446899501069,0.5115740740740741,0.629378321516481
sklearn_raw,0.040627227369921595,0.5115740740740741,0.6291080721870976
sklearn_raw,0.040627227369921595,0.5162037037037037,0.6288812096154518
sklearn_raw,0.041339985744832504,0.5162037037037037,0.6280614564217578
sklearn_raw,0.041339985744832504,0.5185185185185185,0.6275468054010903
sklearn_raw,0.042052744119743406,0.5185185185185185,0.6271858784992044
sklearn_raw,0.042052744119743406,0.5231481481481481,0.6242124259507897
sklearn_raw,0.042765502494654314,0.5231481481481481,0.622301011959421
sklearn_raw,0.042765502494654314,0.5254629629629629,0.6213849823066252
sklearn_raw,0.043478260869565216,0.5254629629629629,0.6205326502416318
sklearn_raw,0.043478260869565216,0.5277777777777778,0.6201588094650314
sklearn_raw,0.04490377761938703,0.5277777777777778,0.6168318856926033
sklearn_raw,0.04490377761938703,0.5416666666666666,0.6058110335236673
sklearn_raw,0.045616535994297935,0.5416666666666666,0.6045930825706741
sklearn_raw,0.045616535994297935,0.5462962962962963,0.601952018330589
sklearn_raw,0.047042052744119746,0.5462962962962963,0.6004378726712885
sklearn_raw,0.047042052744119746,0.5509259259259259,0.5992348802647188
sklearn_raw,0.04775481111903065,0.5509259259259259,0.5955251212253415
sklearn_raw,0.04775481111903065,0.5694444444444444,0.5820815910078221
sklearn_raw,0.04989308624376337,0.5694444444444444,0.5779404648304851
sklearn_raw,0.04989308624376337,0.5740740740740741,0.5756276398988059
sklearn_raw,0.05274411974340699,0.5740740740740741,0.5674695074363483
sklearn_raw,0.05274411974340699,0.5856481481481481,0.5631312344813667
sklearn_raw,0.05345687811831789,0.5856481481481481,0.5624920723570288
sklearn_raw,0.05345687811831789,0.6018518518518519,0.5415736039415395
sklearn_raw,0.0548823948681397,0.6018518518518519,0.5408223548243032
sklearn_raw,0.0548823948681397,0.6041666666666666,0.5364395697008354
sklearn_raw,0.05702066999287242,0.6041666666666666,0.5296197046751795
sklearn_raw,0.05702066999287242,0.6064814814814815,0.5286838515751879
sklearn_raw,0.05773342836778332,0.6064814814814815,0.5279576682662389
sklearn_raw,0.05773342836778332,0.6111111111111112,0.5273051922626262
sklearn_raw,0.05844618674269423,0.6111111111111112,0.5264042918453236
sklearn_raw,0.05844618674269423,0.6180555555555556,0.5156822509590091
sklearn_raw,0.05987170349251604,0.6180555555555556,0.5144399387008475
sklearn_raw,0.05987170349251604,0.6203703703703703,0.5135067092305929
sklearn_raw,0.06058446186742694,0.6203703703703703,0.5127167186160924
sklearn_raw,0.06058446186742694,0.625,0.5085930321374196
sklearn_raw,0.06272273699215966,0.625,0.5059617843481022
sklearn_raw,0.06272273699215966,0.6273148148148148,0.500983948953596
sklearn_raw,0.06343549536707056,0.6273148148148148,0.4993993370475514
sklearn_raw,0.06343549536707056,0.6296296296296297,0.4957544079328605
sklearn_raw,0.06414825374198146,0.6296296296296297,0.49538469062686935
sklearn_raw,0.06414825374198146,0.6319444444444444,0.49532459234056264
sklearn_raw,0.06628652886671418,0.6319444444444444,0.49317564553868226
sklearn_raw,0.06628652886671418,0.6342592592592593,0.4918186086058625
sklearn_raw,0.07056307911617961,0.6342592592592593,0.4878030421604958
sklearn_raw,0.07056307911617961,0.6365740740740741,0.4875443054742525
sklearn_raw,0.08125445473984319,0.6365740740740741,0.47274572093379813
sklearn_raw,0.08125445473984319,0.6435185185185185,0.47181758683268515
sklearn_raw,0.08410548823948681,0.6435185185185185,0.4673164823414854
sklearn_raw,0.08410548823948681,0.6458333333333334,0.46712368928406367
sklearn_raw,0.08481824661439771,0.6458333333333334,0.46606420369970086
sklearn_raw,0.08481824661439771,0.6481481481481481,0.4660532473356736
sklearn_raw,0.08624376336421953,0.6481481481481481,0.46006751781163513
sklearn_raw,0.08624376336421953,0.6504629629629629,0.4589953492446
sklearn_raw,0.08695652173913043,0.6504629629629629,0.4587264058429366
sklearn_raw,0.08695652173913043,0.6643518518518519,0.45524605599503976
sklearn_raw,0.08766928011404133,0.6643518518518519,0.4540657432949713
sklearn_raw,0.08766928011404133,0.6666666666666666,0.4520889824969014
sklearn_raw,0.09123307198859587,0.6666666666666666,0.4469852505234989
sklearn_raw,0.09123307198859587,0.6689814814814815,0.44697184318052263
sklearn_raw,0.09194583036350677,0.6689814814814815,0.4427180331529897
sklearn_raw,0.09194583036350677,0.6736111111111112,0.4414063706768776
sklearn_raw,0.09408410548823949,0.6736111111111112,0.43861902664222463
sklearn_raw,0.09408410548823949,0.6759259259259259,0.4366402221952175
sklearn_raw,0.0955096222380613,0.6759259259259259,0.4348982026373994
sklearn_raw,0.0955096222380613,0.6782407407407407,0.43400743508907014
sklearn_raw,0.0962223806129722,0.6782407407407407,0.4317364635652345
sklearn_raw,0.0962223806129722,0.6805555555555556,0.43148521714417654
sklearn_raw,0.09764789736279401,0.6805555555555556,0.4313926255391001
sklearn_raw,0.09764789736279401,0.6875,0.42743670153713836
sklearn_raw,0.09907341411261582,0.6875,0.4264651908886643
sklearn_raw,0.09907341411261582,0.6898148148148148,0.4262369717624383
sklearn_raw,0.09978617248752673,0.6898148148148148,0.42511072711988585
sklearn_raw,0.09978617248752673,0.6944444444444444,0.42071520761162123
sklearn_raw,0.10192444761225944,0.6944444444444444,0.4169483732511111
sklearn_raw,0.10192444761225944,0.6990740740740741,0.4160746088894239
sklearn_raw,0.10548823948681398,0.6990740740740741,0.41190878426994526
sklearn_raw,0.10548823948681398,0.7037037037037037,0.4104095307522201
sklearn_raw,0.1097647897362794,0.7037037037037037,0.403937468943884
sklearn_raw,0.1097647897362794,0.7060185185185185,0.4020382260070873
sklearn_raw,0.1104775481111903,0.7060185185185185,0.40182254537593154
sklearn_raw,0.1104775481111903,0.7152777777777778,0.39467010645047884
sklearn_raw,0.11119030648610122,0.7152777777777778,0.3944416683531491
sklearn_raw,0.11119030648610122,0.7199074074074074,0.3943616907374999
sklearn_raw,0.11332858161083392,0.7199074074074074,0.39139986539808813
sklearn_raw,0.11332858161083392,0.7245370370370371,0.3901221257233436
sklearn_raw,0.11475409836065574,0.7245370370370371,0.3875400369487122
sklearn_raw,0.11475409836065574,0.7291666666666666,0.38227934250287227
sklearn_raw,0.11546685673556664,0.7291666666666666,0.3819555522616662
sklearn_raw,0.11546685673556664,0.7407407407407407,0.37708094903958844
sklearn_raw,0.11831789023521026,0.7407407407407407,0.37196272649506423
sklearn_raw,0.11831789023521026,0.7430555555555556,0.36973227618562654
sklearn_raw,0.1233071988595866,0.7430555555555556,0.36803936699007217
sklearn_raw,0.1233071988595866,0.7523148148148148,0.3650027770180461
sklearn_raw,0.1240199572344975,0.7523148148148148,0.3649609117442007
sklearn_raw,0.1240199572344975,0.7546296296296297,0.36462180045104237
sklearn_raw,0.12544547398431932,0.7546296296296297,0.3626867064391795
sklearn_raw,0.12544547398431932,0.7569444444444444,0.36112559194386284
sklearn_raw,0.12829650748396293,0.7569444444444444,0.357747541904466
sklearn_raw,0.12829650748396293,0.7615740740740741,0.3556745773906206
sklearn_raw,0.12900926585887385,0.7615740740740741,0.35517045559204724
sklearn_raw,0.12900926585887385,0.7638888888888888,0.354307218221491
sklearn_raw,0.12972202423378476,0.7638888888888888,0.3528835751599546
sklearn_raw,0.12972202423378476,0.7662037037037037,0.35265544341307875
sklearn_raw,0.13043478260869565,0.7662037037037037,0.35217036487572334
sklearn_raw,0.13043478260869565,0.7708333333333334,0.3491686283102091
sklearn_raw,0.13257305773342837,0.7708333333333334,0.34559866113478366
sklearn_raw,0.13257305773342837,0.7731481481481481,0.3445918694748247
sklearn_raw,0.13399857448325017,0.7731481481481481,0.34109882633366195
sklearn_raw,0.13399857448325017,0.7824074074074074,0.3351019874841411
sklearn_raw,0.1368496079828938,0.7824074074074074,0.32800310881051237
sklearn_raw,0.1368496079828938,0.7847222222222222,0.32742585819485737
sklearn_raw,0.1375623663578047,0.7847222222222222,0.32720150106103374
sklearn_raw,0.1375623663578047,0.7870370370370371,0.32697120351294223
sklearn_raw,0.13898788310762653,0.7870370370370371,0.3230903276516683
sklearn_raw,0.13898788310762653,0.7893518518518519,0.32298045492613253
sklearn_raw,0.1397006414825374,0.7893518518518519,0.32223494953361304
sklearn_raw,0.1397006414825374,0.7916666666666666,0.3203450160113876
sklearn_raw,0.14112615823235922,0.7916666666666666,0.31790659899948037
sklearn_raw,0.14112615823235922,0.7939814814814815,0.3162179650170563
sklearn_raw,0.14183891660727013,0.7939814814814815,0.31491553887060114
sklearn_raw,0.14183891660727013,0.7962962962962963,0.31460157622268536
sklearn_raw,0.14255167498218105,0.7962962962962963,0.3130318921072709
sklearn_raw,0.14255167498218105,0.7986111111111112,0.3127966432558384
sklearn_raw,0.14468995010691377,0.7986111111111112,0.3122002652115074
sklearn_raw,0.14468995010691377,0.8009259259259259,0.3119201234563806
sklearn_raw,0.14896650035637918,0.8009259259259259,0.3058615363573287
sklearn_raw,0.14896650035637918,0.8055555555555556,0.3020407851486091
sklearn_raw,0.1496792587312901,0.8055555555555556,0.3015899468787511
sklearn_raw,0.1496792587312901,0.8078703703703703,0.3014823103809042
sklearn_raw,0.15466856735566642,0.8078703703703703,0.2971885596613685
sklearn_raw,0.15466856735566642,0.8101851851851852,0.2965924829858636
sklearn_raw,0.16108339272986458,0.8101851851851852,0.2885367598046053
sklearn_raw,0.16108339272986458,0.8125,0.28822257526891676
sklearn_raw,0.1632216678545973,0.8125,0.28612124488088103
sklearn_raw,0.1632216678545973,0.8148148148148148,0.284034068442633
sklearn_raw,0.1646471846044191,0.8148148148148148,0.28350742165971154
sklearn_raw,0.1646471846044191,0.8171296296296297,0.28308770012274664
sklearn_raw,0.17177476835352815,0.8171296296296297,0.27480527537703514
sklearn_raw,0.17177476835352815,0.8194444444444444,0.2744725896087204
sklearn_raw,0.17391304347826086,0.8194444444444444,0.27281464147929135
sklearn_raw,0.17391304347826086,0.8217592592592593,0.2722871802946192
sklearn_raw,0.17462580185317178,0.8217592592592593,0.2716157416111832
sklearn_raw,0.17462580185317178,0.8287037037037037,0.26942358780420267
sklearn_raw,0.1810406272273699,0.8287037037037037,0.26310463901694753
sklearn_raw,0.1810406272273699,0.8310185185185185,0.26197654508230905
sklearn_raw,0.18317890235210263,0.8310185185185185,0.25940299119541954
sklearn_raw,0.18317890235210263,0.8333333333333334,0.2590309216089994
sklearn_raw,0.18460441910192446,0.8333333333333334,0.2570557093029207
sklearn_raw,0.18460441910192446,0.8356481481481481,0.2552638930813634
sklearn_raw,0.18674269422665715,0.8356481481481481,0.2501328974885199
sklearn_raw,0.18674269422665715,0.8379629629629629,0.24958213354751632
sklearn_raw,0.18888096935138987,0.8379629629629629,0.24851838586265843
sklearn_raw,0.18888096935138987,0.8425925925925926,0.24616183318910942
sklearn_raw,0.1895937277263008,0.8425925925925926,0.24496151365551735
sklearn_raw,0.1895937277263008,0.8495370370370371,0.2437069036426462
sklearn_raw,0.1903064861012117,0.8495370370370371,0.24349103454101273
sklearn_raw,0.1903064861012117,0.8518518518518519,0.24313099798589516
sklearn_raw,0.19600855310049894,0.8518518518518519,0.2398679770074608
sklearn_raw,0.19600855310049894,0.8541666666666666,0.2398178178944515
sklearn_raw,0.19672131147540983,0.8541666666666666,0.2388532260853457
sklearn_raw,0.19672131147540983,0.8657407407407407,0.2357156950195315
sklearn_raw,0.20028510334996436,0.8657407407407407,0.23419454465168976
sklearn_raw,0.20028510334996436,0.8680555555555556,0.23105474440108795
sklearn_raw,0.2052744119743407,0.8680555555555556,0.22852734647773018
sklearn_raw,0.2052744119743407,0.8703703703703703,0.2279528168219754
sklearn_raw,0.21097647897362795,0.8703703703703703,0.22149803649671423
sklearn_raw,0.21097647897362795,0.8726851851851852,0.22130358351856597
sklearn_raw,0.2209550962223806,0.8726851851851852,0.21439646689223496
sklearn_raw,0.2209550962223806,0.875,0.21218708228307487
sklearn_raw,0.22166785459729152,0.875,0.211341058691062
sklearn_raw,0.22166785459729152,0.8773148148148148,0.21121860458466066
sklearn_raw,0.22594440484675696,0.8773148148148148,0.20865482381971284
sklearn_raw,0.22594440484675696,0.8796296296296297,0.20772141798669333
sklearn_raw,0.2323592302209551,0.8796296296296297,0.20335740413851752
sklearn_raw,0.2323592302209551,0.8819444444444444,0.20334837935062328
sklearn_raw,0.23521026372059872,0.8819444444444444,0.20081671893858577
sklearn_raw,0.23521026372059872,0.8865740740740741,0.19951989219607802
sklearn_raw,0.2359230220955096,0.8865740740740741,0.19833665213283275
sklearn_raw,0.2359230220955096,0.8888888888888888,0.19709273917229825
sklearn_raw,0.24091233071988596,0.8888888888888888,0.19408884422525058
sklearn_raw,0.24091233071988596,0.8912037037037037,0.19354918471234495
sklearn_raw,0.2473271560940841,0.8912037037037037,0.1882333048560403
sklearn_raw,0.2473271560940841,0.8935185185185185,0.18794691100925617
sklearn_raw,0.24875267284390593,0.8935185185185185,0.1876529661327712
sklearn_raw,0.24875267284390593,0.8958333333333334,0.1865431986895396
sklearn_raw,0.25160370634354956,0.8958333333333334,0.1841384604527967
sklearn_raw,0.25160370634354956,0.8981481481481481,0.18403506910800752
sklearn_raw,0.25302922309337134,0.8981481481481481,0.18386764038206763
sklearn_raw,0.25302922309337134,0.9004629629629629,0.18160574340478655
sklearn_raw,0.25659301496792586,0.9004629629629629,0.17892513517091757
sklearn_raw,0.25659301496792586,0.9027777777777778,0.1786100035786841
sklearn_raw,0.2573057733428368,0.9027777777777778,0.178109874098678
sklearn_raw,0.2573057733428368,0.9050925925925926,0.17802199900203913
sklearn_raw,0.26229508196721313,0.9050925925925926,0.17641799292407395
sklearn_raw,0.26229508196721313,0.9074074074074074,0.1753589924308553
sklearn_raw,0.2722736992159658,0.9074074074074074,0.16645512879591404
sklearn_raw,0.2722736992159658,0.9097222222222222,0.16589951495290578
sklearn_raw,0.2758374910905203,0.9097222222222222,0.16429644187969455
sklearn_raw,0.2758374910905203,0.9120370370370371,0.16363853842256437
sklearn_raw,0.2765502494654312,0.9120370370370371,0.16267762934977834
sklearn_raw,0.2765502494654312,0.9143518518518519,0.16232264113708475
sklearn_raw,0.28296507483962935,0.9143518518518519,0.1574154750428075
sklearn_raw,0.28296507483962935,0.9166666666666666,0.15735827223305693
sklearn_raw,0.2843905915894512,0.9166666666666666,0.15684897582131413
sklearn_raw,0.2843905915894512,0.9212962962962963,0.15583229099905108
sklearn_raw,0.3029223093371347,0.9212962962962963,0.14648546175526428
sklearn_raw,0.3029223093371347,0.9236111111111112,0.14635694704366958
sklearn_raw,0.308624376336422,0.9236111111111112,0.14360379008417645
sklearn_raw,0.308624376336422,0.9259259259259259,0.1433306018963484
sklearn_raw,0.3143264433357092,0.9259259259259259,0.1416699898385319
sklearn_raw,0.3143264433357092,0.9282407407407407,0.14035890054370845
sklearn_raw,0.3164647184604419,0.9282407407407407,0.138936833646404
sklearn_raw,0.3164647184604419,0.9305555555555556,0.13887607975512037
sklearn_raw,0.3271560940841055,0.9305555555555556,0.13293924032739757
sklearn_raw,0.3271560940841055,0.9328703703703703,0.13289620881783978
sklearn_raw,0.33071988595866003,0.9328703703703703,0.1312285908764274
sklearn_raw,0.33071988595866003,0.9351851851851852,0.13118621953765294
sklearn_raw,0.3321454027084818,0.9351851851851852,0.13061004496855455
sklearn_raw,0.3321454027084818,0.9375,0.1302817855473105
sklearn_raw,0.34782608695652173,0.9375,0.12562985578321936
sklearn_raw,0.34782608695652173,0.9398148148148148,0.12525986303157532
sklearn_raw,0.37562366357804705,0.9398148148148148,0.11495686242200766
sklearn_raw,0.37562366357804705,0.9421296296296297,0.11476491578481877
sklearn_raw,0.37776193870277974,0.9421296296296297,0.11437086568000975
sklearn_raw,0.37776193870277974,0.9444444444444444,0.11432764110782552
sklearn_raw,0.383464005702067,0.9444444444444444,0.11067341229647483
sklearn_raw,0.383464005702067,0.9467592592592593,0.11062014246194282
sklearn_raw,0.391304347826087,0.9467592592592593,0.10701311357968794
sklearn_raw,0.391304347826087,0.9513888888888888,0.1067422073117933
sklearn_raw,0.42052744119743407,0.9513888888888888,0.09669883800545503
sklearn_raw,0.42052744119743407,0.9537037037037037,0.09637939404125304
sklearn_raw,0.4383464005702067,0.9537037037037037,0.08929434176538158
sklearn_raw,0.4383464005702067,0.9560185185185185,0.08916006280603599
sklearn_raw,0.4568781183178902,0.9560185185185185,0.08042367421774986
sklearn_raw,0.4568781183178902,0.9583333333333334,0.07976451096954779
sklearn_raw,0.46186742694226657,0.9583333333333334,0.07872726338526906
sklearn_raw,0.46186742694226657,0.9606481481481481,0.07812492364104137
sklearn_raw,0.4803991446899501,0.9606481481481481,0.06968178667072075
sklearn_raw,0.4803991446899501,0.9629629629629629,0.06946312918111935
sklearn_raw,0.48467569493941554,0.9629629629629629,0.067040007881041
sklearn_raw,0.48467569493941554,0.9652777777777778,0.06652587473070122
sklearn_raw,0.4925160370634355,0.9652777777777778,0.06339746561295878
sklearn_raw,0.4925160370634355,0.9675925925925926,0.06292605937794947
sklearn_raw,0.5074839629365645,0.9675925925925926,0.05608937768431379
sklearn_raw,0.5074839629365645,0.9699074074074074,0.05599955951207261
sklearn_raw,0.5146115466856735,0.9699074074074074,0.05189970788490723
sklearn_raw,0.5146115466856735,0.9722222222222222,0.05143800881635656
sklearn_raw,0.5409836065573771,0.9722222222222222,0.04060591153835667
sklearn_raw,0.5409836065573771,0.9745370370370371,0.04032241718707111
sklearn_raw,0.5559515324305061,0.9745370370370371,0.03691425962383312
sklearn_raw,0.5559515324305061,0.9768518518518519,0.03615698489838322
sklearn_raw,0.5573770491803278,0.9768518518518519,0.036064699914934946
sklearn_raw,0.5573770491803278,0.9791666666666666,0.03605604991844431
sklearn_raw,0.5808980755523877,0.9791666666666666,0.03231991626735118
sklearn_raw,0.5808980755523877,0.9814814814814815,0.032250181098082656
sklearn_raw,0.5858873841767641,0.9814814814814815,0.03178923769337384
sklearn_raw,0.5858873841767641,0.9837962962962963,0.031669096198914615
sklearn_raw,0.6372059871703493,0.9837962962962963,0.02308984117358853
sklearn_raw,0.6372059871703493,0.9861111111111112,0.023038248813728655
sklearn_raw,0.6450463292943692,0.9861111111111112,0.02214414675261637
sklearn_raw,0.6450463292943692,0.9884259259259259,0.021846612281048523
sklearn_raw,0.6785459729151817,0.9884259259259259,0.01821909615493933
sklearn_raw,0.6785459729151817,0.9907407407407407,0.018191016139838083
sklearn_raw,0.6806842480399145,0.9907407407407407,0.017818314753828123
sklearn_raw,0.6806842480399145,0.9930555555555556,0.017787601007270656
sklearn_raw,0.692088382038489,0.9930555555555556,0.016251910304842347
sklearn_raw,0.692088382038489,0.9953703703703703,0.01616018933072692
sklearn_raw,0.7412687099073414,0.9953703703703703,0.012326795428819034
sklearn_raw,0.7412687099073414,0.9976851851851852,0.012270973213145317
sklearn_raw,0.992872416250891,0.9976851851851852,0.00010193287025304434
sklearn_raw,0.992872416250891,1.0,9.965108475562061e-05
sklearn_raw,1.0,1.0,3.3815389314207256e-05
