support_size,n,seed_count,rho_active,cross_scale,rho_cross,theta_raw,theta_bin,safe_raw,safe_bin,delta_theta,delta_safe
25,5000,3,0.0,0.0,0.0,0.1268751889270782,0.07542356972935187,1.0,1.0,-0.051451619197726325,0.0
25,5000,3,0.0,0.05,0.010000000000000002,0.33293227554343546,0.2530658246647917,1.0,1.0,-0.07986645087864375,0.0
25,5000,3,0.0,0.1,0.020000000000000004,0.5789484889134527,0.38447826535990437,1.0,1.0,-0.19447022355354837,0.0
25,5000,3,0.0,0.15,0.03,0.8243287393012935,0.5126887586191075,1.0,1.0,-0.311639980682186,0.0
25,5000,3,0.0,0.2,0.04000000000000001,1.0690780995995197,0.6772954016722105,0.0,1.0,-0.39178269792730924,1.0
25,5000,3,0.0,0.25,0.05,1.313127484086366,0.8444753461111324,0.0,1.0,-0.46865213797523364,1.0
25,5000,3,0.0,0.3,0.06,1.5557934952325378,1.0089967433757707,0.0,0.3333333333333333,-0.5467967518567671,0.3333333333333333
25,5000,3,0.0,0.35,0.06999999999999999,1.8001565282016923,1.1503900069860766,0.0,0.0,-0.6497665212156156,0.0
25,5000,3,0.0,0.4,0.08000000000000002,2.0434215410669263,1.3126123743162796,0.0,0.0,-0.7308091667506467,0.0
25,5000,3,0.0,0.45,0.09000000000000001,2.2852102976259956,1.474315340701436,0.0,0.0,-0.8108949569245596,0.0
25,5000,3,0.0,0.5,0.1,2.525624013985713,1.623146949829475,0.0,0.0,-0.9024770641562381,0.0
25,5000,3,0.0,0.55,0.11000000000000001,2.7671085121735306,1.8047977839569562,0.0,0.0,-0.9623107282165744,0.0
25,5000,3,0.0,0.6,0.12,3.008837735579334,1.9361115978798529,0.0,0.0,-1.0727261376994812,0.0
25,5000,3,0.0,0.65,0.13,3.249033439494488,2.1212378002254098,0.0,0.0,-1.1277956392690784,0.0
25,5000,3,0.0,0.7,0.13999999999999999,3.4892370223431164,2.247218658544,0.0,0.0,-1.2420183637991165,0.0
25,5000,3,0.0,0.75,0.15000000000000002,3.7284986376945377,2.408744874671442,0.0,0.0,-1.3197537630230958,0.0
25,5000,3,0.0,0.8,0.16000000000000003,3.9681592176038243,2.5722525313295583,0.0,0.0,-1.395906686274266,0.0
25,5000,3,0.0,0.85,0.17,4.207800111768289,2.763634624631475,0.0,0.0,-1.4441654871368135,0.0
25,5000,3,0.0,0.9,0.18000000000000002,4.448209713238767,2.8964308564172483,0.0,0.0,-1.5517788568215187,0.0
25,5000,3,0.0,0.95,0.19,4.710594037574815,3.0572711301325213,0.0,0.0,-1.6533229074422935,0.0
25,5000,3,0.025,0.0,0.0,0.011065861740330578,0.017535750460611035,1.0,1.0,0.006469888720280457,0.0
25,5000,3,0.025,0.05,0.012649110640673518,0.21428521734444506,0.15662670851857227,1.0,1.0,-0.057658508825872784,0.0
25,5000,3,0.025,0.1,0.025298221281347035,0.3652522846369812,0.334521565348932,1.0,1.0,-0.030730719288049158,0.0
25,5000,3,0.025,0.15,0.03794733192202055,0.574972583655018,0.45280505219910383,1.0,1.0,-0.12216753145591419,0.0
25,5000,3,0.025,0.2,0.05059644256269407,0.7811123784690523,0.6178891357234688,1.0,1.0,-0.16322324274558353,0.0
25,5000,3,0.025,0.25,0.06324555320336758,0.9847081112889177,0.7366377540021668,0.6666666666666666,1.0,-0.24807035728675086,0.33333333333333337
25,5000,3,0.025,0.3,0.0758946638440411,1.1865601595386466,0.8772487604356627,0.0,1.0,-0.3093113991029839,1.0
25,5000,3,0.025,0.35,0.08854377448471461,1.38657970371058,1.041089411955843,0.0,0.3333333333333333,-0.3454902917547371,0.3333333333333333
25,5000,3,0.025,0.4,0.10119288512538814,1.5854257697122203,1.1560209485244777,0.0,0.0,-0.4294048211877426,0.0
25,5000,3,0.025,0.45,0.11384199576606165,1.7819933164944064,1.31971724644448,0.0,0.0,-0.46227607004992644,0.0
25,5000,3,0.025,0.5,0.12649110640673517,1.9772042601766333,1.486130599122305,0.0,0.0,-0.49107366105432826,0.0
25,5000,3,0.025,0.55,0.1391402170474087,2.1726024153369234,1.6228473672857457,0.0,0.0,-0.5497550480511777,0.0
25,5000,3,0.025,0.6,0.1517893276880822,2.3654995824122214,1.7487952221962184,0.0,0.0,-0.616704360216003,0.0
25,5000,3,0.025,0.65,0.1644384383287557,2.55921733969163,1.8616779434352584,0.0,0.0,-0.6975393962563714,0.0
25,5000,3,0.025,0.7,0.17708754896942921,2.7515805306327956,2.062007544772643,0.0,0.0,-0.6895729858601527,0.0
25,5000,3,0.025,0.75,0.18973665961010275,2.9754744765508523,2.2092595307530054,0.0,0.0,-0.7662149457978469,0.0
25,5000,3,0.025,0.8,0.20238577025077628,3.1351287529689014,2.31841712271951,0.0,0.0,-0.8167116302493915,0.0
25,5000,3,0.025,0.85,0.2150348808914498,3.351067524021225,2.502670948658343,0.0,0.0,-0.8483965753628819,0.0
25,5000,3,0.025,0.9,0.2276839915321233,3.5379746923517845,2.6361521187100405,0.0,0.0,-0.901822573641744,0.0
25,5000,3,0.025,0.95,0.2403331021727968,3.7228531007399144,2.782047370541856,0.0,0.0,-0.9408057301980586,0.0
25,5000,3,0.05,0.0,0.0,0.009311582264465944,0.0272265275703887,1.0,1.0,0.017914945305922754,0.0
25,5000,3,0.05,0.05,0.014832396974191326,0.17974846465566843,0.13820406193562942,1.0,1.0,-0.04154440272003901,0.0
25,5000,3,0.05,0.1,0.029664793948382652,0.3506897352108102,0.29211947019492945,1.0,1.0,-0.05857026501588075,0.0
25,5000,3,0.05,0.15,0.044497190922573975,0.520724083727616,0.42448192059338735,1.0,1.0,-0.09624216313422868,0.0
25,5000,3,0.05,0.2,0.059329587896765304,0.6515234256813486,0.530406599875708,1.0,1.0,-0.12111682580564054,0.0
25,5000,3,0.05,0.25,0.07416198487095663,0.8236590810372723,0.6635275791472136,1.0,1.0,-0.16013150189005865,0.0
25,5000,3,0.05,0.3,0.08899438184514795,0.9973458884639039,0.8050324252211674,0.6666666666666666,1.0,-0.19231346324273657,0.33333333333333337
25,5000,3,0.05,0.35,0.10382677881933927,1.2348242697406304,1.0227662744247041,0.0,0.6666666666666666,-0.21205799531592628,0.6666666666666666
25,5000,3,0.05,0.4,0.11865917579353061,1.3398767187889995,1.0590188224971204,0.0,0.0,-0.28085789629187907,0.0
25,5000,3,0.05,0.45,0.13349157276772194,1.5081838911505334,1.1852323717714939,0.0,0.0,-0.32295151937903954,0.0
25,5000,3,0.05,0.5,0.14832396974191325,1.6768791471933309,1.3361571955010076,0.0,0.0,-0.3407219516923232,0.0
25,5000,3,0.05,0.55,0.1631563667161046,1.8442923735440016,1.4844672363763827,0.0,0.0,-0.3598251371676189,0.0
25,5000,3,0.05,0.6,0.1779887636902959,2.011887714522756,1.6070289900438024,0.0,0.0,-0.40485872447895344,0.0
25,5000,3,0.05,0.65,0.19282116066448723,2.177952996699085,1.7330822080542045,0.0,0.0,-0.4448707886448804,0.0
25,5000,3,0.05,0.7,0.20765355763867854,2.376045196317494,1.9263227701615737,0.0,0.0,-0.44972242615592006,0.0
25,5000,3,0.05,0.75,0.22248595461286988,2.5087414744595278,2.016348449210249,0.0,0.0,-0.49239302524927897,0.0
25,5000,3,0.05,0.8,0.23731835158706122,2.69753534619479,2.188016802255208,0.0,0.0,-0.5095185439395822,0.0
25,5000,3,0.05,0.85,0.2521507485612525,2.83707321263639,2.3072053210679577,0.0,0.0,-0.5298678915684323,0.0
25,5000,3,0.05,0.9,0.2669831455354439,3.000694066541186,2.436973536895144,0.0,0.0,-0.5637205296460421,0.0
25,5000,3,0.05,0.95,0.28181554250963514,3.1749415362525917,2.574173865508834,0.0,0.0,-0.6007676707437577,0.0
25,5000,3,0.075,0.0,0.0,0.00836210550608701,0.027449251850216617,1.0,1.0,0.019087146344129606,0.0
25,5000,3,0.075,0.05,0.016733200530681513,0.15865505708148683,0.13581592106763088,1.0,1.0,-0.022839136013855954,0.0
25,5000,3,0.075,0.1,0.033466401061363026,0.309695066615369,0.26389446033488034,1.0,1.0,-0.045800606280488654,0.0
25,5000,3,0.075,0.15,0.05019960159204453,0.45908343316689676,0.3980273581859466,1.0,1.0,-0.06105607498095017,0.0
25,5000,3,0.075,0.2,0.06693280212272605,0.6107123664006181,0.5057324793636706,1.0,1.0,-0.1049798870369475,0.0
25,5000,3,0.075,0.25,0.08366600265340755,0.72398992463153,0.6160670171534601,1.0,1.0,-0.10792290747806987,0.0
25,5000,3,0.075,0.3,0.10039920318408906,0.8774858376085802,0.7565440662174968,1.0,1.0,-0.12094177139108342,0.0
25,5000,3,0.075,0.35,0.11713240371477057,1.0300559180800513,0.8638078075735992,0.0,1.0,-0.16624811050645205,1.0
25,5000,3,0.075,0.4,0.1338656042454521,1.2393044202945984,1.0794871227303433,0.0,0.0,-0.1598172975642551,0.0
25,5000,3,0.075,0.45,0.1505988047761336,1.3318648681270988,1.1162666726796153,0.0,0.0,-0.2155981954474835,0.0
25,5000,3,0.075,0.5,0.1673320053068151,1.530987999742018,1.2935695594345449,0.0,0.0,-0.23741844030747306,0.0
25,5000,3,0.075,0.55,0.18406520583749664,1.6317876959427027,1.3717298522236892,0.0,0.0,-0.2600578437190135,0.0
25,5000,3,0.075,0.6,0.2007984063681781,1.7809378016868458,1.4847904783732888,0.0,0.0,-0.296147323313557,0.0
25,5000,3,0.075,0.65,0.21753160689885964,1.9289667403663284,1.6196670586392592,0.0,0.0,-0.30929968172706923,0.0
25,5000,3,0.075,0.7,0.23426480742954114,2.0765458343657635,1.7597037041349708,0.0,0.0,-0.31684213023079266,0.0
25,5000,3,0.075,0.75,0.25099800796022265,2.223128028988882,1.8685807143101012,0.0,0.0,-0.35454731467878076,0.0
25,5000,3,0.075,0.8,0.2677312084909042,2.3689501691940973,1.9983301778979048,0.0,0.0,-0.3706199912961925,0.0
25,5000,3,0.075,0.85,0.28446440902158565,2.514994281850226,2.1291693834842778,0.0,0.0,-0.38582489836594824,0.0
25,5000,3,0.075,0.9,0.3011976095522672,2.660662254952445,2.268742039265038,0.0,0.0,-0.39192021568740687,0.0
25,5000,3,0.075,0.95,0.3179308100829487,2.814384729788234,2.3886931614857656,0.0,0.0,-0.42569156830246824,0.0
25,5000,3,0.1,0.0,0.0,0.007454399212791489,0.022566619744719723,1.0,1.0,0.015112220531928233,0.0
25,5000,3,0.1,0.05,0.018439088914585774,0.14408219893861693,0.1128971396032608,1.0,1.0,-0.031185059335356133,0.0
25,5000,3,0.1,0.1,0.03687817782917155,0.2805079142105842,0.2303718951207783,1.0,1.0,-0.05013601908980589,0.0
25,5000,3,0.1,0.15,0.05531726674375732,0.4164492687517121,0.3537259815396603,1.0,1.0,-0.06272328721205184,0.0
25,5000,3,0.1,0.2,0.0737563556583431,0.5520812170194366,0.48880863190017715,1.0,1.0,-0.06327258511925943,0.0
25,5000,3,0.1,0.25,0.09219544457292887,0.6875195320128875,0.6015638911610154,1.0,1.0,-0.08595564085187213,0.0
25,5000,3,0.1,0.3,0.11063453348751465,0.7936739026002818,0.6974455149748621,1.0,1.0,-0.09622838762541974,0.0
25,5000,3,0.1,0.35,0.1290736224021004,0.9313061309223539,0.810756560532353,1.0,1.0,-0.12054957039000092,0.0
25,5000,3,0.1,0.4,0.1475127113166862,1.0687248210288034,0.9298475936728433,0.0,1.0,-0.1388772273559601,1.0
25,5000,3,0.1,0.45,0.16595180023127198,1.2564366658175234,1.1110024438678163,0.0,0.0,-0.14543422194970712,0.0
25,5000,3,0.1,0.5,0.18439088914585774,1.342477230702511,1.1602171945627504,0.0,0.0,-0.1822600361397606,0.0
25,5000,3,0.1,0.55,0.20282997806044353,1.479506417879125,1.274264834042354,0.0,0.0,-0.20524158383677116,0.0
25,5000,3,0.1,0.6,0.2212690669750293,1.614366920934956,1.4121083987902832,0.0,0.0,-0.20225852214467288,0.0
25,5000,3,0.1,0.65,0.23970815588961508,1.7806332123580235,1.5562287029916435,0.0,0.0,-0.22440450936638,0.0
25,5000,3,0.1,0.7,0.2581472448042008,1.9110476212786498,1.6660954104260177,0.0,0.0,-0.24495221085263208,0.0
25,5000,3,0.1,0.75,0.2765863337187866,2.017785937027089,1.7466537443607748,0.0,0.0,-0.2711321926663144,0.0
25,5000,3,0.1,0.8,0.2950254226333724,2.1697982623980487,1.8920433711773705,0.0,0.0,-0.2777548912206782,0.0
25,5000,3,0.1,0.85,0.3134645115479582,2.2981786442399215,1.9975539773412692,0.0,0.0,-0.3006246668986523,0.0
25,5000,3,0.1,0.9,0.33190360046254397,2.41576293036862,2.1153535343538703,0.0,0.0,-0.3004093960147496,0.0
25,5000,3,0.1,0.95,0.3503426893771297,2.5546505760500167,2.2463760884052215,0.0,0.0,-0.30827448764479515,0.0
25,5000,3,0.125,0.0,0.0,0.007025835919677227,0.013880525576380734,1.0,1.0,0.006854689656703507,0.0
25,5000,3,0.125,0.05,0.020000000000000004,0.132435314541298,0.11608314739068569,1.0,1.0,-0.016352167150612315,0.0
25,5000,3,0.125,0.1,0.04000000000000001,0.2579014918179841,0.21470393482395886,1.0,1.0,-0.04319755699402525,0.0
25,5000,3,0.125,0.15,0.06,0.38333941696174456,0.34544901139671674,1.0,1.0,-0.03789040556502782,0.0
25,5000,3,0.125,0.2,0.08000000000000002,0.5086865625534644,0.47225756909927297,1.0,1.0,-0.03642899345419148,0.0
25,5000,3,0.125,0.25,0.1,0.6338776039741465,0.5552641205929083,1.0,1.0,-0.07861348338123819,0.0
25,5000,3,0.125,0.3,0.12,0.758859880711141,0.667107702887879,1.0,1.0,-0.09175217782326195,0.0
25,5000,3,0.125,0.35,0.13999999999999999,0.857382362694612,0.7653340035975597,1.0,1.0,-0.09204835909705233,0.0
25,5000,3,0.125,0.4,0.16000000000000003,0.9848856065049869,0.8783768213965081,0.6666666666666666,1.0,-0.10650878510847883,0.33333333333333337
25,5000,3,0.125,0.45,0.18000000000000002,1.1113274792031083,0.9905331795259311,0.0,0.6666666666666666,-0.12079429967717714,0.6666666666666666
25,5000,3,0.125,0.5,0.2,1.2375534888981619,1.0970990375239211,0.0,0.0,-0.14045445137424073,0.0
25,5000,3,0.125,0.55,0.22000000000000003,1.3627964294065953,1.2210482940570866,0.0,0.0,-0.1417481353495087,0.0
25,5000,3,0.125,0.6,0.24,1.487409528319074,1.330095896573437,0.0,0.0,-0.15731363174563695,0.0
25,5000,3,0.125,0.65,0.26,1.611829526368667,1.413319378655227,0.0,0.0,-0.1985101477134401,0.0
25,5000,3,0.125,0.7,0.27999999999999997,1.7361649340967196,1.5448517438469969,0.0,0.0,-0.1913131902497227,0.0
25,5000,3,0.125,0.75,0.30000000000000004,1.8595769121113275,1.662141904377328,0.0,0.0,-0.19743500773399947,0.0
25,5000,3,0.125,0.8,0.32000000000000006,1.983337426508476,1.7710256036434855,0.0,0.0,-0.2123118228649905,0.0
25,5000,3,0.125,0.85,0.34,2.119399464828551,1.8784497453990638,0.0,0.0,-0.24094971942948695,0.0
25,5000,3,0.125,0.9,0.36000000000000004,2.237450230800654,2.004707501201294,0.0,0.0,-0.23274272959936004,0.0
25,5000,3,0.125,0.95,0.38,2.355502640080887,2.1017491168925684,0.0,0.0,-0.25375352318831856,0.0
25,5000,3,0.15,0.0,0.0,0.00712259535242397,0.020118448092689867,1.0,1.0,0.012995852740265896,0.0
25,5000,3,0.15,0.05,0.021447610589527218,0.1228186821280735,0.09730919239581805,1.0,1.0,-0.025509489732255447,0.0
25,5000,3,0.15,0.1,0.042895221179054435,0.240210539140273,0.20111665408737267,1.0,1.0,-0.03909388505290032,0.0
25,5000,3,0.15,0.15,0.06434283176858165,0.3576256454430926,0.31759210286325507,1.0,1.0,-0.040033542579837544,0.0
25,5000,3,0.15,0.2,0.08579044235810887,0.47421007966964823,0.4351852031328825,1.0,1.0,-0.03902487653676573,0.0
25,5000,3,0.15,0.25,0.10723805294763608,0.5903900159326292,0.5235106386238507,1.0,1.0,-0.06687937730877846,0.0
25,5000,3,0.15,0.3,0.1286856635371633,0.7073604316003848,0.6369097438308517,1.0,1.0,-0.070450687769533,0.0
25,5000,3,0.15,0.35,0.1501332741266905,0.8506392277872417,0.7940217810673724,1.0,1.0,-0.056617446719869235,0.0
25,5000,3,0.15,0.4,0.17158088471621774,0.9647698786914086,0.8761577904151393,1.0,1.0,-0.08861208827626932,0.0
25,5000,3,0.15,0.45,0.19302849530574495,1.0796561018991164,1.0028966137289117,0.0,0.3333333333333333,-0.07675948817020473,0.3333333333333333
25,5000,3,0.15,0.5,0.21447610589527216,1.1929100889963637,1.0961725125659694,0.0,0.0,-0.09673757643039438,0.0
25,5000,3,0.15,0.55,0.2359237164847994,1.306143319460502,1.193968917878142,0.0,0.0,-0.11217440158236003,0.0
25,5000,3,0.15,0.6,0.2573713270743266,1.4187773823745982,1.2775106518708808,0.0,0.0,-0.1412667305037174,0.0
25,5000,3,0.15,0.65,0.2788189376638538,1.5307495423232493,1.3797970103556814,0.0,0.0,-0.15095253196756797,0.0
25,5000,3,0.15,0.7,0.300266548253381,1.643270666218984,1.502546575026691,0.0,0.0,-0.1407240911922929,0.0
25,5000,3,0.15,0.75,0.3217141588429082,1.754273813942696,1.593684615045605,0.0,0.0,-0.1605891988970911,0.0
25,5000,3,0.15,0.8,0.3431617694324355,1.8660829020808432,1.6831863798904294,0.0,0.0,-0.18289652219041375,0.0
25,5000,3,0.15,0.85,0.3646093800219627,1.9762913793232018,1.7974550863300098,0.0,0.0,-0.17883629299319193,0.0
25,5000,3,0.15,0.9,0.3860569906114899,2.086782480668699,1.8903389240645616,0.0,0.0,-0.19644355660413737,0.0
25,5000,3,0.15,0.95,0.4075046012010171,2.191910708702974,2.0164747718683067,0.0,0.0,-0.1754359368346674,0.0
25,5000,3,0.175,0.0,0.0,0.005965580452633117,0.014999141346815603,1.0,1.0,0.009033560894182486,0.0
25,5000,3,0.175,0.05,0.02280350850198276,0.11556030247394418,0.0976667083426843,1.0,1.0,-0.017893594131259877,0.0
25,5000,3,0.175,0.1,0.04560701700396552,0.22591246684314473,0.18557506727575865,1.0,1.0,-0.04033739956738608,0.0
25,5000,3,0.175,0.15,0.06841052550594827,0.3358235276134935,0.29673513366134113,1.0,1.0,-0.039088393952152356,0.0
25,5000,3,0.175,0.2,0.09121403400793104,0.44589805801742727,0.4050338665033853,1.0,1.0,-0.04086419151404197,0.0
25,5000,3,0.175,0.25,0.11401754250991379,0.5553037802739695,0.5036576229350881,1.0,1.0,-0.05164615733888145,0.0
25,5000,3,0.175,0.3,0.13682105101189654,0.6648195975841116,0.5973045352174872,1.0,1.0,-0.06751506236662441,0.0
25,5000,3,0.175,0.35,0.1596245595138793,0.7740951364793877,0.6900309083886905,1.0,1.0,-0.08406422809069714,0.0
25,5000,3,0.175,0.4,0.1824280680158621,0.862221623716512,0.7913526273179928,1.0,1.0,-0.07086899639851918,0.0
25,5000,3,0.175,0.45,0.20523157651784482,0.9734470471231874,0.8873986407860285,1.0,1.0,-0.08604840633715893,0.0
25,5000,3,0.175,0.5,0.22803508501982758,1.121869301745453,1.0425008169118464,0.0,0.0,-0.0793684848336067,0.0
25,5000,3,0.175,0.55,0.25083859352181037,1.1949474213074758,1.090758107781582,0.0,0.0,-0.10418931352589378,0.0
25,5000,3,0.175,0.6,0.2736421020237931,1.3041728941219273,1.1875561043370222,0.0,0.0,-0.11661678978490508,0.0
25,5000,3,0.175,0.65,0.2964456105257759,1.414126552950804,1.2977789913314115,0.0,0.0,-0.11634756161939253,0.0
25,5000,3,0.175,0.7,0.3192491190277586,1.5229964911059735,1.3974882063361058,0.0,0.0,-0.12550828476986764,0.0
25,5000,3,0.175,0.75,0.34205262752974136,1.6318704032700946,1.494714272522464,0.0,0.0,-0.13715613074763056,0.0
25,5000,3,0.175,0.8,0.3648561360317242,1.7550284245471577,1.613106182417367,0.0,0.0,-0.14192224212979077,0.0
25,5000,3,0.175,0.85,0.3876596445337069,1.8595459842164324,1.7264952041567156,0.0,0.0,-0.1330507800597167,0.0
25,5000,3,0.175,0.9,0.41046315303568964,1.9634009293350647,1.8153677089642992,0.0,0.0,-0.1480332203707655,0.0
25,5000,3,0.175,0.95,0.4332666615376724,2.066759983190813,1.9254265822033432,0.0,0.0,-0.14133340098746983,0.0
25,5000,3,0.2,0.0,0.0,0.005676848531557858,0.01559754478746918,1.0,1.0,0.009920696255911323,0.0
25,5000,3,0.2,0.05,0.024083189157584593,0.10918834750689753,0.0844976772367318,1.0,1.0,-0.024690670270165735,0.0
25,5000,3,0.2,0.1,0.048166378315169185,0.21390758483501082,0.1850379513622208,1.0,1.0,-0.028869633472790035,0.0
25,5000,3,0.2,0.15,0.07224956747275377,0.3172584093370059,0.2909800859335803,1.0,1.0,-0.026278323403425563,0.0
25,5000,3,0.2,0.2,0.09633275663033837,0.4216448175087553,0.39554257927522524,1.0,1.0,-0.026102238233530084,0.0
25,5000,3,0.2,0.25,0.12041594578792296,0.5260743606608876,0.47781141528288146,1.0,1.0,-0.04826294537800618,0.0
25,5000,3,0.2,0.3,0.14449913494550753,0.6292703340597173,0.5816362601946837,1.0,1.0,-0.0476340738650336,0.0
25,5000,3,0.2,0.35,0.16858232410309212,0.7326882314502149,0.6583130061421242,1.0,1.0,-0.07437522530809071,0.0
25,5000,3,0.2,0.4,0.19266551326067674,0.8358556824671126,0.74675790891652,1.0,1.0,-0.08909777355059256,0.0
25,5000,3,0.2,0.45,0.21674870241826133,0.9207514538614302,0.8372206306727265,1.0,1.0,-0.08353082318870375,0.0
25,5000,3,0.2,0.5,0.24083189157584592,1.0620749427345404,0.995537878060842,0.0,0.6666666666666666,-0.06653706467369835,0.6666666666666666
25,5000,3,0.2,0.55,0.2649150807334305,1.1303216541482524,1.049800849035765,0.0,0.0,-0.08052080511248727,0.0
25,5000,3,0.2,0.6,0.28899826989101507,1.2354108031410111,1.1331861918915205,0.0,0.0,-0.10222461124949067,0.0
25,5000,3,0.2,0.65,0.3130814590485997,1.3632309194747594,1.265193929009901,0.0,0.0,-0.09803699046485836,0.0
25,5000,3,0.2,0.7,0.33716464820618425,1.4429076228620776,1.3406415299214718,0.0,0.0,-0.10226609294060585,0.0
25,5000,3,0.2,0.75,0.36124783736376886,1.5628178702226114,1.4622660801416656,0.0,0.0,-0.10055179008094584,0.0
25,5000,3,0.2,0.8,0.3853310265213535,1.6620181841716122,1.5479555772861495,0.0,0.0,-0.11406260688546266,0.0
25,5000,3,0.2,0.85,0.40941421567893804,1.7606686242661558,1.643899733587748,0.0,0.0,-0.11676889067840768,0.0
25,5000,3,0.2,0.9,0.43349740483652266,1.8594325769440918,1.7357517607382063,0.0,0.0,-0.12368081620588556,0.0
25,5000,3,0.2,0.95,0.4575805939941072,1.953336201333432,1.8401601657644366,0.0,0.0,-0.11317603556899547,0.0
25,5000,3,0.225,0.0,0.0,0.005123848906807942,0.013258013300533144,1.0,1.0,0.008134164393725201,0.0
25,5000,3,0.225,0.05,0.025298221281347035,0.10444035395334283,0.08441788356538156,1.0,1.0,-0.020022470387961275,0.0
25,5000,3,0.225,0.1,0.05059644256269407,0.20373274022392307,0.17376631757351357,1.0,1.0,-0.029966422650409497,0.0
25,5000,3,0.225,0.15,0.0758946638440411,0.30312075643157327,0.2739055846923053,1.0,1.0,-0.029215171739267964,0.0
25,5000,3,0.225,0.2,0.10119288512538814,0.4005637630895847,0.37060533244268773,1.0,1.0,-0.02995843064689696,0.0
25,5000,3,0.225,0.25,0.12649110640673517,0.5004650494043101,0.4585112115063801,1.0,1.0,-0.04195383789793006,0.0
25,5000,3,0.225,0.3,0.1517893276880822,0.5991691514951051,0.5649497898114407,1.0,1.0,-0.03421936168366435,0.0
25,5000,3,0.225,0.35,0.17708754896942921,0.6978529195477537,0.6388516673298947,1.0,1.0,-0.05900125221785901,0.0
25,5000,3,0.225,0.4,0.20238577025077628,0.7959077415860677,0.7204443538744997,1.0,1.0,-0.07546338771156802,0.0
25,5000,3,0.225,0.45,0.2276839915321233,0.9144683603600395,0.8501849778769984,1.0,1.0,-0.06428338248304111,0.0
25,5000,3,0.225,0.5,0.25298221281347033,0.9765279147521175,0.9119753807362216,1.0,1.0,-0.06455253401589589,0.0
25,5000,3,0.225,0.55,0.2782804340948174,1.0764196038786977,0.9902735992198893,0.0,0.6666666666666666,-0.0861460046588084,0.6666666666666666
25,5000,3,0.225,0.6,0.3035786553761644,1.175213821362921,1.0967115468721043,0.0,0.0,-0.07850227449081681,0.0
25,5000,3,0.225,0.65,0.3288768766575114,1.2981554883775563,1.212232233884168,0.0,0.0,-0.08592325449338833,0.0
25,5000,3,0.225,0.7,0.35417509793885843,1.3731296532849335,1.2858734259330633,0.0,0.0,-0.08725622735187022,0.0
25,5000,3,0.225,0.75,0.3794733192202055,1.4885429477802496,1.4089019760784212,0.0,0.0,-0.07964097170182849,0.0
25,5000,3,0.225,0.8,0.40477154050155256,1.5824509995713185,1.4926081925001664,0.0,0.0,-0.08984280707115211,0.0
25,5000,3,0.225,0.85,0.4300697617828996,1.676560419866031,1.5852331984887755,0.0,0.0,-0.09132722137725557,0.0
25,5000,3,0.225,0.9,0.4553679830642466,1.7705881842652975,1.6771706591015818,0.0,0.0,-0.09341752516371571,0.0
25,5000,3,0.225,0.95,0.4806662043455936,1.8640898704669535,1.7731492737280306,0.0,0.0,-0.09094059673892296,0.0
25,5000,3,0.25,0.0,0.0,0.004706284514615212,0.010645999775773692,1.0,1.0,0.005939715261158479,0.0
25,5000,3,0.25,0.05,0.02645751311064591,0.09950141396727685,0.07958595301119632,1.0,1.0,-0.01991546095608053,0.0
25,5000,3,0.25,0.1,0.05291502622129182,0.19460523189653803,0.17839045971682424,1.0,1.0,-0.016214772179713788,0.0
25,5000,3,0.25,0.15,0.07937253933193772,0.28915993086960406,0.26798055757764966,1.0,1.0,-0.021179373291954406,0.0
25,5000,3,0.25,0.2,0.10583005244258364,0.38418427139577505,0.3573159743083017,1.0,1.0,-0.026868297087473347,0.0
25,5000,3,0.25,0.25,0.13228756555322954,0.47812757325735594,0.44410358614135675,1.0,1.0,-0.03402398711599919,0.0
25,5000,3,0.25,0.3,0.15874507866387544,0.5738643134868842,0.5184482833530654,1.0,1.0,-0.055416030133818794,0.0
25,5000,3,0.25,0.35,0.18520259177452134,0.6668341999199975,0.6184919811316438,1.0,1.0,-0.04834221878835365,0.0
25,5000,3,0.25,0.4,0.2116601048851673,0.7606957729881986,0.6887047350974895,1.0,1.0,-0.07199103789070904,0.0
25,5000,3,0.25,0.45,0.23811761799581319,0.8544127641062019,0.7745694046772633,1.0,1.0,-0.07984335942893861,0.0
25,5000,3,0.25,0.5,0.2645751311064591,0.9335770412832437,0.8634695694340141,1.0,1.0,-0.07010747184922961,0.0
25,5000,3,0.25,0.55,0.291032644217105,1.0292000294786423,0.9540987427073789,0.0,1.0,-0.07510128677126338,1.0
25,5000,3,0.25,0.6,0.3174901573277509,1.1507025373556397,1.0938785455256788,0.0,0.0,-0.056823991829960896,0.0
25,5000,3,0.25,0.65,0.3439476704383968,1.2418836854984001,1.1703703915760182,0.0,0.0,-0.07151329392238193,0.0
25,5000,3,0.25,0.7,0.37040518354904267,1.3132357283380356,1.242937553520968,0.0,0.0,-0.07029817481706768,0.0
25,5000,3,0.25,0.75,0.39686269665968865,1.4073671110817578,1.3243496802770824,0.0,0.0,-0.08301743080467539,0.0
25,5000,3,0.25,0.8,0.4233202097703346,1.513491122745398,1.4421968903734559,0.0,0.0,-0.0712942323719421,0.0
25,5000,3,0.25,0.85,0.44977772288098045,1.6035422494143117,1.5292070941008566,0.0,0.0,-0.07433515531345503,0.0
25,5000,3,0.25,0.9,0.47623523599162637,1.6869967240394688,1.6238588367550608,0.0,0.0,-0.06313788728440795,0.0
25,5000,3,0.25,0.95,0.5026927491022722,1.782898013377624,1.7166532520252618,0.0,0.0,-0.06624476135236224,0.0
25,5000,3,0.275,0.0,0.0,0.005344239501999423,0.015470478397873808,1.0,1.0,0.010126238895874384,0.0
25,5000,3,0.275,0.05,0.027568097504180447,0.09543615607356552,0.07323649264548317,1.0,1.0,-0.022199663428082356,0.0
25,5000,3,0.275,0.1,0.055136195008360894,0.18660821239882708,0.16958397467578745,1.0,1.0,-0.017024237723039626,0.0
25,5000,3,0.275,0.15,0.08270429251254133,0.2782201481362589,0.262965968885598,1.0,1.0,-0.015254179250660915,0.0
25,5000,3,0.275,0.2,0.11027239001672179,0.36833055408419985,0.34334447479641256,1.0,1.0,-0.02498607928778729,0.0
25,5000,3,0.275,0.25,0.13784048752090222,0.4587850067456168,0.4249256485622606,1.0,1.0,-0.03385935818335617,0.0
25,5000,3,0.275,0.3,0.16540858502508266,0.5494359020386418,0.5118416750906791,1.0,1.0,-0.03759422694796266,0.0
25,5000,3,0.275,0.35,0.1929766825292631,0.6401973525802315,0.59680562399943,1.0,1.0,-0.043391728580801425,0.0
25,5000,3,0.275,0.4,0.22054478003344358,0.7309927827517361,0.6697768304214934,1.0,1.0,-0.061215952330242684,0.0
25,5000,3,0.275,0.45,0.248112877537624,0.8203135319662888,0.754806025113516,1.0,1.0,-0.06550750685277273,0.0
25,5000,3,0.275,0.5,0.27568097504180444,0.8963635082325704,0.8422543792478333,1.0,1.0,-0.054109128984737076,0.0
25,5000,3,0.275,0.55,0.30324907254598493,0.9881197417236067,0.9236049280262932,1.0,1.0,-0.06451481369731349,0.0
25,5000,3,0.275,0.6,0.3308171700501653,1.0787440267042434,1.0145357218099231,0.0,0.3333333333333333,-0.06420830489432028,0.3333333333333333
25,5000,3,0.275,0.65,0.3583852675543458,1.1702223895003923,1.103422901399742,0.0,0.0,-0.06679948810065017,0.0
25,5000,3,0.275,0.7,0.3859533650585262,1.2791092872944496,1.2238703880602486,0.0,0.0,-0.055238899234201,0.0
25,5000,3,0.275,0.75,0.41352146256270667,1.3658449237847101,1.3092924620118565,0.0,0.0,-0.05655246177285367,0.0
25,5000,3,0.275,0.8,0.44108956006688715,1.4411841852661267,1.3785278427423673,0.0,0.0,-0.0626563425237594,0.0
25,5000,3,0.275,0.85,0.46865765757106753,1.5394244397947403,1.4782156000584787,0.0,0.0,-0.06120883973626157,0.0
25,5000,3,0.275,0.9,0.496225755075248,1.6197981695851613,1.566902610951422,0.0,0.0,-0.052895558633739403,0.0
25,5000,3,0.275,0.95,0.5237938525794285,1.7082091731874351,1.6589112071252161,0.0,0.0,-0.049297966062219034,0.0
25,5000,3,0.3,0.0,0.0,0.005410062248839477,0.008083704168597172,1.0,1.0,0.0026736419197576945,0.0
25,5000,3,0.3,0.05,0.02863564212655271,0.09196134820389908,0.07771263909174704,1.0,1.0,-0.014248709112152036,0.0
25,5000,3,0.3,0.1,0.05727128425310542,0.17962657299036788,0.16724460651339781,1.0,1.0,-0.012381966476970069,0.0
25,5000,3,0.3,0.15,0.08590692637965812,0.2674263308491255,0.2465301938096163,1.0,1.0,-0.020896137039509183,0.0
25,5000,3,0.3,0.2,0.11454256850621083,0.3550935588337832,0.32663816400654694,1.0,1.0,-0.028455394827236247,0.0
25,5000,3,0.3,0.25,0.14317821063276354,0.44207954705429575,0.4073880647773142,1.0,1.0,-0.034691482276981545,0.0
25,5000,3,0.3,0.3,0.17181385275931624,0.5292469716248539,0.48686466218307034,1.0,1.0,-0.04238230944178356,0.0
25,5000,3,0.3,0.35,0.20044949488586894,0.6159764083146215,0.5683800453773052,1.0,1.0,-0.04759636293731628,0.0
25,5000,3,0.3,0.4,0.22908513701242167,0.7032168162052592,0.6381646903706236,1.0,1.0,-0.0650521258346356,0.0
25,5000,3,0.3,0.45,0.2577207791389744,0.7904143806946843,0.7321136182166588,1.0,1.0,-0.058300762478025514,0.0
25,5000,3,0.3,0.5,0.2863564212655271,0.8765387565956174,0.8053493858095263,1.0,1.0,-0.07118937078609111,0.0
25,5000,3,0.3,0.55,0.3149920633920798,0.9505790174843914,0.886936970977764,1.0,1.0,-0.06364204650662741,0.0
25,5000,3,0.3,0.6,0.3436277055186325,1.0393128968392078,0.988726324660833,0.0,0.6666666666666666,-0.05058657217837481,0.6666666666666666
25,5000,3,0.3,0.65,0.3722633476451852,1.1268483975562933,1.0725801696931343,0.0,0.0,-0.05426822786315899,0.0
25,5000,3,0.3,0.7,0.4008989897717379,1.2316776357073003,1.1763523684479558,0.0,0.0,-0.0553252672593445,0.0
25,5000,3,0.3,0.75,0.4295346318982906,1.31583565429099,1.2671509890466608,0.0,0.0,-0.04868466524432913,0.0
25,5000,3,0.3,0.8,0.45817027402484334,1.398623424178903,1.3528015693855295,0.0,0.0,-0.04582185479337353,0.0
25,5000,3,0.3,0.85,0.486805916151396,1.4741376623536047,1.4282131705696939,0.0,0.0,-0.04592449178391078,0.0
25,5000,3,0.3,0.9,0.5154415582779488,1.5597860507661343,1.5243175668625597,0.0,0.0,-0.0354684839035746,0.0
25,5000,3,0.3,0.95,0.5440772004045014,1.6480265866192754,1.611620849743047,0.0,0.0,-0.03640573687622828,0.0
25,5000,3,0.325,0.0,0.0,0.004450888341237378,0.012888854957369111,1.0,1.0,0.008437966616131734,0.0
25,5000,3,0.325,0.05,0.029664793948382652,0.08906319823361288,0.0668226648777452,1.0,1.0,-0.022240533355867675,0.0
25,5000,3,0.325,0.1,0.059329587896765304,0.1739799013837855,0.15463946368226064,1.0,1.0,-0.019340437701524854,0.0
25,5000,3,0.325,0.15,0.08899438184514795,0.25798810795184784,0.24151596957184865,1.0,1.0,-0.016472138379999196,0.0
25,5000,3,0.325,0.2,0.11865917579353061,0.34259654032254955,0.31618562016226176,1.0,1.0,-0.026410920160287787,0.0
25,5000,3,0.325,0.25,0.14832396974191325,0.4268017316810792,0.4014985472681189,1.0,1.0,-0.02530318441296031,0.0
25,5000,3,0.325,0.3,0.1779887636902959,0.5114713488799639,0.47644719520022,1.0,1.0,-0.03502415367974393,0.0
25,5000,3,0.325,0.35,0.20765355763867854,0.5949030126860789,0.5499968354018184,1.0,1.0,-0.044906177284260496,0.0
25,5000,3,0.325,0.4,0.23731835158706122,0.6787947020311059,0.6295029539859583,1.0,1.0,-0.049291748045147576,0.0
25,5000,3,0.325,0.45,0.2669831455354439,0.7621211376503275,0.7044038843874806,1.0,1.0,-0.057717253262846935,0.0
25,5000,3,0.325,0.5,0.2966479394838265,0.8467669083072943,0.7819915494646489,1.0,1.0,-0.0647753588426454,0.0
25,5000,3,0.325,0.55,0.3263127334322092,0.9444109122954822,0.9099312259710723,1.0,1.0,-0.0344796863244099,0.0
25,5000,3,0.325,0.6,0.3559775273805918,1.0036573543914107,0.9483075857478925,0.3333333333333333,1.0,-0.05534976864351815,0.6666666666666667
25,5000,3,0.325,0.65,0.38564232132897447,1.108611355563747,1.0603967973582933,0.0,0.0,-0.04821455820545362,0.0
25,5000,3,0.325,0.7,0.4153071152773571,1.1896209679125511,1.1420666274012312,0.0,0.0,-0.047554340511319904,0.0
25,5000,3,0.325,0.75,0.44497190922573976,1.2562008449297342,1.2035972844361928,0.0,0.0,-0.05260356049354131,0.0
25,5000,3,0.325,0.8,0.47463670317412243,1.340152807713326,1.2920040814860483,0.0,0.0,-0.04814872622727773,0.0
25,5000,3,0.325,0.85,0.504301497122505,1.4311446789219346,1.3937533334511503,0.0,0.0,-0.037391345470784376,0.0
25,5000,3,0.325,0.9,0.5339662910708878,1.5064614259856162,1.4797622091837306,0.0,0.0,-0.026699216801885584,0.0
25,5000,3,0.325,0.95,0.5636310850192703,1.591414229118019,1.5626838946910213,0.0,0.0,-0.028730334426997794,0.0
25,5000,3,0.35,0.0,0.0,0.0047464018467706795,0.011764487459380434,1.0,1.0,0.007018085612609754,0.0
25,5000,3,0.35,0.05,0.030659419433511782,0.08643774584819823,0.06623515530637572,1.0,1.0,-0.02020259054182251,0.0
25,5000,3,0.35,0.1,0.061318838867023565,0.16780184439399562,0.1473701988360904,1.0,1.0,-0.02043164555790522,0.0
25,5000,3,0.35,0.15,0.09197825830053534,0.2495205054624733,0.2346099483422076,1.0,1.0,-0.014910557120265705,0.0
25,5000,3,0.35,0.2,0.12263767773404713,0.3314637106609765,0.30390390312785653,1.0,1.0,-0.027559807533119984,0.0
25,5000,3,0.35,0.25,0.1532970971675589,0.4128697815621645,0.37993302889865127,1.0,1.0,-0.0329367526635132,0.0
25,5000,3,0.35,0.3,0.18395651660107068,0.49426234655359896,0.4570211700120228,1.0,1.0,-0.03724117654157616,0.0
25,5000,3,0.35,0.35,0.21461593603458246,0.5763071023416284,0.5409805085527999,1.0,1.0,-0.03532659378882852,0.0
25,5000,3,0.35,0.4,0.24527535546809426,0.6573813287668558,0.603711014518806,1.0,1.0,-0.0536703142480498,0.0
25,5000,3,0.35,0.45,0.27593477490160606,0.7381194276915236,0.688895312465565,1.0,1.0,-0.0492241152259586,0.0
25,5000,3,0.35,0.5,0.3065941943351178,0.8190504691283073,0.7626875783026756,1.0,1.0,-0.05636289082563162,0.0
25,5000,3,0.35,0.55,0.3372536137686296,0.8996602396576069,0.8402465867890916,1.0,1.0,-0.0594136528685153,0.0
25,5000,3,0.35,0.6,0.36791303320214136,0.9706307458764846,0.9203138568963934,1.0,1.0,-0.05031688898009112,0.0
25,5000,3,0.35,0.65,0.39857245263565316,1.052922934746962,1.0020471150460295,0.0,0.3333333333333333,-0.05087581970093247,0.3333333333333333
25,5000,3,0.35,0.7,0.4292318720691649,1.1512327757201755,1.112000870371948,0.0,0.0,-0.039231905348227514,0.0
25,5000,3,0.35,0.75,0.4598912915026767,1.2293245481660435,1.1854098620160327,0.0,0.0,-0.04391468615001082,0.0
25,5000,3,0.35,0.8,0.4905507109361885,1.3074755369250768,1.2715429521242805,0.0,0.0,-0.03593258480079631,0.0
25,5000,3,0.35,0.85,0.5212101303697002,1.3852531725823294,1.3550611223164044,0.0,0.0,-0.030192050265924975,0.0
25,5000,3,0.35,0.9,0.5518695498032121,1.4626644041489536,1.4344283599282932,0.0,0.0,-0.028236044220660395,0.0
25,5000,3,0.35,0.95,0.5825289692367238,1.5400503545660635,1.5251183780162296,0.0,0.0,-0.014931976549833914,0.0
25,5000,3,0.375,0.0,0.0,0.004154643718320516,0.009282559361369314,1.0,1.0,0.005127915643048798,0.0
25,5000,3,0.375,0.05,0.0316227766016838,0.08323702868785345,0.06761017898168559,1.0,1.0,-0.01562684970616786,0.0
25,5000,3,0.375,0.1,0.0632455532033676,0.16267644107225673,0.13609082761263164,1.0,1.0,-0.026585613459625096,0.0
25,5000,3,0.375,0.15,0.09486832980505137,0.24228287321283182,0.22529149136701684,1.0,1.0,-0.016991381845814973,0.0
25,5000,3,0.375,0.2,0.1264911064067352,0.32156416998248977,0.2967109619188519,1.0,1.0,-0.024853208063637888,0.0
25,5000,3,0.375,0.25,0.15811388300841897,0.40025789536444956,0.37999110190996177,1.0,1.0,-0.020266793454487786,0.0
25,5000,3,0.375,0.3,0.18973665961010275,0.4797396935901381,0.44948225481768,1.0,1.0,-0.030257438772458123,0.0
25,5000,3,0.375,0.35,0.22135943621178655,0.5579945860317653,0.5157304802242448,1.0,1.0,-0.04226410580752049,0.0
25,5000,3,0.375,0.4,0.2529822128134704,0.6376405074497259,0.5883528569341702,1.0,1.0,-0.049287650515555725,0.0
25,5000,3,0.375,0.45,0.28460498941515416,0.7160265154643916,0.6608286016397393,1.0,1.0,-0.05519791382465222,0.0
25,5000,3,0.375,0.5,0.31622776601683794,0.7940300476617451,0.7367346397727562,1.0,1.0,-0.0572954078889889,0.0
25,5000,3,0.375,0.55,0.3478505426185218,0.8724817279155886,0.8135531916140054,1.0,1.0,-0.058928536301583234,0.0
25,5000,3,0.375,0.6,0.3794733192202055,0.9638625024382171,0.9300775966677826,1.0,1.0,-0.03378490577043458,0.0
25,5000,3,0.375,0.65,0.41109609582188933,1.021122936603895,0.9786521199911148,0.0,1.0,-0.04247081661278018,1.0
25,5000,3,0.375,0.7,0.4427188724235731,1.10092744421222,1.0541863607899413,0.0,0.0,-0.046741083422278784,0.0
25,5000,3,0.375,0.75,0.4743416490252569,1.1791076700667988,1.1414495941959508,0.0,0.0,-0.03765807587084802,0.0
25,5000,3,0.375,0.8,0.5059644256269408,1.258194003208626,1.218001177436254,0.0,0.0,-0.04019282577237204,0.0
25,5000,3,0.375,0.85,0.5375872022286244,1.3434018426183423,1.3165290665062965,0.0,0.0,-0.02687277611204575,0.0
25,5000,3,0.375,0.9,0.5692099788303083,1.4185111491863367,1.394299099555516,0.0,0.0,-0.024212049630820687,0.0
25,5000,3,0.375,0.95,0.6008327554319921,1.4939640447409752,1.4823196245832724,0.0,0.0,-0.01164442015770284,0.0
25,5000,3,0.4,0.0,0.0,0.004179493429223175,0.01392944056262408,1.0,1.0,0.009749947133400907,0.0
25,5000,3,0.4,0.05,0.032557641192199414,0.0812244382553088,0.06468295593971964,1.0,1.0,-0.016541482315589162,0.0
25,5000,3,0.4,0.1,0.06511528238439883,0.15832607285258904,0.136853637193418,1.0,1.0,-0.021472435659171035,0.0
25,5000,3,0.4,0.15,0.09767292357659825,0.23510527397517755,0.22174464696535465,1.0,1.0,-0.013360627009822906,0.0
25,5000,3,0.4,0.2,0.13023056476879766,0.3119996113106999,0.2988151630418528,1.0,1.0,-0.013184448268847127,0.0
25,5000,3,0.4,0.25,0.16278820596099708,0.38931748088912727,0.36592045809978996,1.0,1.0,-0.023397022789337307,0.0
25,5000,3,0.4,0.3,0.1953458471531965,0.4653508022449729,0.43348919151816595,1.0,1.0,-0.03186161072680693,0.0
25,5000,3,0.4,0.35,0.2279034883453959,0.5427731826674161,0.5015052268304205,1.0,1.0,-0.04126795583699561,0.0
25,5000,3,0.4,0.4,0.2604611295375953,0.6192306093838925,0.5723724632910154,1.0,1.0,-0.046858146092877084,0.0
25,5000,3,0.4,0.45,0.29301877072979476,0.6958739613704381,0.6452097860700655,1.0,1.0,-0.050664175300372594,0.0
25,5000,3,0.4,0.5,0.32557641192199416,0.7717852695102678,0.7137826209362338,1.0,1.0,-0.05800264857403403,0.0
25,5000,3,0.4,0.55,0.3581340531141936,0.8476062905128324,0.7901201723030001,1.0,1.0,-0.05748611820983229,0.0
25,5000,3,0.4,0.6,0.390691694306393,0.9235875203013468,0.8637331617349817,1.0,1.0,-0.05985435856636512,0.0
25,5000,3,0.4,0.65,0.4232493354985924,0.9916600639172145,0.952990647371422,1.0,1.0,-0.03866941654579248,0.0
25,5000,3,0.4,0.7,0.4558069766907918,1.069125943441392,1.0281139480380646,0.0,0.0,-0.04101199540332745,0.0
25,5000,3,0.4,0.75,0.48836461788299124,1.1457003595499817,1.1104484184798646,0.0,0.0,-0.03525194107011709,0.0
25,5000,3,0.4,0.8,0.5209222590751906,1.22245821911093,1.1928810939018455,0.0,0.0,-0.0295771252090844,0.0
25,5000,3,0.4,0.85,0.55347990026739,1.3052587712978452,1.2811531439783368,0.0,0.0,-0.024105627319508383,0.0
25,5000,3,0.4,0.9,0.5860375414595895,1.373476818188798,1.372330353065285,0.0,0.0,-0.0011464651235129075,0.0
25,5000,3,0.4,0.95,0.6185951826517889,1.4513334360333225,1.4439653033812823,0.0,0.0,-0.007368132652040282,0.0
25,5000,3,0.425,0.0,0.0,0.004005487651853886,0.012068476564295633,1.0,1.0,0.008062988912441747,0.0
25,5000,3,0.425,0.05,0.033466401061363026,0.07869664653757105,0.06144517097715116,1.0,1.0,-0.017251475560419893,0.0
25,5000,3,0.425,0.1,0.06693280212272605,0.1540469223863225,0.13705265690229548,1.0,1.0,-0.01699426548402702,0.0
25,5000,3,0.425,0.15,0.10039920318408906,0.22879122466692267,0.21331109038100501,1.0,1.0,-0.015480134285917657,0.0
25,5000,3,0.425,0.2,0.1338656042454521,0.30389171557029243,0.2782242283404544,1.0,1.0,-0.025667487229838026,0.0
25,5000,3,0.425,0.25,0.1673320053068151,0.37846171340686313,0.35424019386051625,1.0,1.0,-0.02422151954634688,0.0
25,5000,3,0.425,0.3,0.2007984063681781,0.45340581586205797,0.4185426318885282,1.0,1.0,-0.03486318397352978,0.0
25,5000,3,0.425,0.35,0.23426480742954114,0.5276632152741879,0.4878966954650887,1.0,1.0,-0.03976651980909923,0.0
25,5000,3,0.425,0.4,0.2677312084909042,0.6024817576204796,0.5598486790754329,1.0,1.0,-0.04263307854504672,0.0
25,5000,3,0.425,0.45,0.3011976095522672,0.6765263353848133,0.6291950016159878,1.0,1.0,-0.04733133376882548,0.0
25,5000,3,0.425,0.5,0.3346640106136302,0.7507399042645093,0.704299133113957,1.0,1.0,-0.04644077115055234,0.0
25,5000,3,0.425,0.55,0.3681304116749933,0.8247592072456745,0.775854448036435,1.0,1.0,-0.048904759209239534,0.0
25,5000,3,0.425,0.6,0.4015968127363562,0.8990647945690974,0.8435506910368334,1.0,1.0,-0.055514103532263936,0.0
25,5000,3,0.425,0.65,0.4350632137977193,0.9656101823133613,0.9287995806713045,1.0,1.0,-0.03681060164205674,0.0
25,5000,3,0.425,0.7,0.4685296148590823,1.0406421081369046,1.0023593628277128,0.0,0.3333333333333333,-0.038282745309191846,0.3333333333333333
25,5000,3,0.425,0.75,0.5019960159204453,1.127342323955896,1.105006134567785,0.0,0.0,-0.022336189388110883,0.0
25,5000,3,0.425,0.8,0.5354624169818084,1.189615205002912,1.1638752020530119,0.0,0.0,-0.025740002949900198,0.0
25,5000,3,0.425,0.85,0.5689288180431713,1.2698523180704038,1.2513719404295038,0.0,0.0,-0.018480377640899937,0.0
25,5000,3,0.425,0.9,0.6023952191045344,1.3370674332234398,1.3367979879006373,0.0,0.0,-0.00026944532280248623,0.0
25,5000,3,0.425,0.95,0.6358616201658974,1.4102128427401448,1.4210993442687547,0.0,0.0,0.010886501528609926,0.0
25,5000,3,0.45,0.0,0.0,0.003905418448160587,0.01226359513642986,1.0,1.0,0.008358176688269273,0.0
25,5000,3,0.45,0.05,0.03435112807463534,0.07713924763682092,0.06064897982627124,1.0,1.0,-0.016490267810549686,0.0
25,5000,3,0.45,0.1,0.06870225614927068,0.14983310011859044,0.1304059395232331,1.0,1.0,-0.019427160595357346,0.0
25,5000,3,0.45,0.15,0.10305338422390602,0.22329951388816102,0.20862413880678546,1.0,1.0,-0.014675375081375563,0.0
25,5000,3,0.45,0.2,0.13740451229854136,0.2963649983266843,0.2698054334040691,1.0,1.0,-0.026559564922615186,0.0
25,5000,3,0.45,0.25,0.1717556403731767,0.3687707056406846,0.3452959655993261,1.0,1.0,-0.023474740041358466,0.0
25,5000,3,0.45,0.3,0.20610676844781203,0.44184633749301233,0.4129282669257244,1.0,1.0,-0.028918070567287957,0.0
25,5000,3,0.45,0.35,0.24045789652244737,0.5144028639201793,0.4759060026514434,1.0,1.0,-0.038496861268735916,0.0
25,5000,3,0.45,0.4,0.27480902459708273,0.5873832467427881,0.5409527043475898,1.0,1.0,-0.04643054239519828,0.0
25,5000,3,0.45,0.45,0.3091601526717181,0.6590351171608274,0.6102471910872914,1.0,1.0,-0.04878792607353599,0.0
25,5000,3,0.45,0.5,0.3435112807463534,0.7315392342017614,0.6836838086912366,1.0,1.0,-0.047855425510524796,0.0
25,5000,3,0.45,0.55,0.37786240882098876,0.8036159709787501,0.7499348687529178,1.0,1.0,-0.05368110222583233,0.0
25,5000,3,0.45,0.6,0.41221353689562407,0.8755653779850522,0.8247674081401154,1.0,1.0,-0.050797969844936786,0.0
25,5000,3,0.45,0.65,0.44656466497025943,0.9476093081461059,0.894743539120119,1.0,1.0,-0.05286576902598694,0.0
25,5000,3,0.45,0.7,0.48091579304489473,1.0278008882347454,0.9964270981449911,0.0,0.6666666666666666,-0.03137379008975427,0.6666666666666666
25,5000,3,0.45,0.75,0.5152669211195301,1.0866304015115875,1.05462659605016,0.0,0.0,-0.03200380546142756,0.0
25,5000,3,0.45,0.8,0.5496180491941655,1.159503336924935,1.1343454825208428,0.0,0.0,-0.02515785440409224,0.0
25,5000,3,0.45,0.85,0.5839691772688007,1.2376652217221193,1.2287487937605432,0.0,0.0,-0.008916427961576101,0.0
25,5000,3,0.45,0.9,0.6183203053434362,1.3072015203050298,1.304485589484772,0.0,0.0,-0.0027159308202577837,0.0
25,5000,3,0.45,0.95,0.6526714334180714,1.3764351675636217,1.3847326203998074,0.0,0.0,0.00829745283618566,0.0
25,5000,3,0.475,0.0,0.0,0.0037026458972199174,0.013185494910005745,1.0,1.0,0.009482849012785828,0.0
25,5000,3,0.475,0.05,0.03521363372331802,0.07502000063877055,0.05553820175165275,1.0,1.0,-0.019481798887117804,0.0
25,5000,3,0.475,0.1,0.07042726744663604,0.14653938656331236,0.13144625124789175,1.0,1.0,-0.015093135315420614,0.0
25,5000,3,0.475,0.15,0.10564090116995405,0.2180064262470143,0.20304163641412062,1.0,1.0,-0.014964789832893677,0.0
25,5000,3,0.475,0.2,0.14085453489327207,0.289026399561989,0.2653459967219772,1.0,1.0,-0.023680402840011827,0.0
25,5000,3,0.475,0.25,0.17606816861659008,0.3597504882659179,0.3396755896030033,1.0,1.0,-0.020074898662914564,0.0
25,5000,3,0.475,0.3,0.2112818023399081,0.4304792889646953,0.399247142916444,1.0,1.0,-0.031232146048251308,0.0
25,5000,3,0.475,0.35,0.2464954360632261,0.5019545738608046,0.4687444693299012,1.0,1.0,-0.03321010453090334,0.0
25,5000,3,0.475,0.4,0.28170906978654414,0.572798759887046,0.5288027916774939,1.0,1.0,-0.043995968209552094,0.0
25,5000,3,0.475,0.45,0.3169227035098622,0.6436019168218731,0.5940887460107356,1.0,1.0,-0.049513170811137486,0.0
25,5000,3,0.475,0.5,0.35213633723318016,0.7139695701112885,0.6669188250485014,1.0,1.0,-0.04705074506278706,0.0
25,5000,3,0.475,0.55,0.3873499709564982,0.7838563633503561,0.7363036818375476,1.0,1.0,-0.04755268151280856,0.0
25,5000,3,0.475,0.6,0.4225636046798162,0.8547403403213019,0.8030227466448129,1.0,1.0,-0.05171759367648898,0.0
25,5000,3,0.475,0.65,0.4577772384031342,0.9246812054399481,0.8676724350446613,1.0,1.0,-0.057008770395286845,0.0
25,5000,3,0.475,0.7,0.4929908721264522,0.989418633903962,0.9576204306251889,1.0,1.0,-0.03179820327877314,0.0
25,5000,3,0.475,0.75,0.5282045058497702,1.0718957062782897,1.0570104096782764,0.0,0.0,-0.014885296600013254,0.0
25,5000,3,0.475,0.8,0.5634181395730883,1.1312254268230884,1.1027708812100308,0.0,0.0,-0.028454545613057602,0.0
25,5000,3,0.475,0.85,0.5986317732964063,1.2016980167495712,1.190768578888869,0.0,0.0,-0.010929437860702329,0.0
25,5000,3,0.475,0.9,0.6338454070197244,1.2714552179600866,1.278673784210817,0.0,0.0,0.007218566250730252,0.0
25,5000,3,0.475,0.95,0.6690590407430422,1.3410063273994306,1.3620717573589107,0.0,0.0,0.02106542995948013,0.0
25,5000,3,0.5,0.0,0.0,0.004131272712974243,0.010028145052114476,1.0,1.0,0.005896872339140233,0.0
25,5000,3,0.5,0.05,0.0360555127546399,0.07284825328046023,0.0580029933429986,1.0,1.0,-0.014845259937461629,0.0
25,5000,3,0.5,0.1,0.0721110255092798,0.1432045024095185,0.12465262206421869,1.0,1.0,-0.018551880345299823,0.0
25,5000,3,0.5,0.15,0.10816653826391968,0.21258173814448192,0.19875029576525371,1.0,1.0,-0.013831442379228204,0.0
25,5000,3,0.5,0.2,0.1442220510185596,0.2825180360492335,0.254664844934818,1.0,1.0,-0.027853191114415476,0.0
25,5000,3,0.5,0.25,0.18027756377319948,0.3514829572902996,0.3293404891928358,1.0,1.0,-0.022142468097463786,0.0
25,5000,3,0.5,0.3,0.21633307652783937,0.4207929978404459,0.38700342950686933,1.0,1.0,-0.03378956833357655,0.0
25,5000,3,0.5,0.35,0.25238858928247926,0.49060338948053567,0.4604610779792244,1.0,1.0,-0.030142311501311247,0.0
25,5000,3,0.5,0.4,0.2884441020371192,0.559794269364523,0.5163164513138633,1.0,1.0,-0.043477818050659756,0.0
25,5000,3,0.5,0.45,0.3244996147917591,0.6285113637741098,0.5779064410593601,1.0,1.0,-0.0506049227147497,0.0
25,5000,3,0.5,0.5,0.36055512754639896,0.6976776225015416,0.6464434928260052,1.0,1.0,-0.05123412967553642,0.0
25,5000,3,0.5,0.55,0.3966106403010389,0.7658724086285549,0.7167950719123097,1.0,1.0,-0.049077336716245146,0.0
25,5000,3,0.5,0.6,0.43266615305567874,0.835127034714755,0.7829535222992869,1.0,1.0,-0.05217351241546808,0.0
25,5000,3,0.5,0.65,0.46872166581031866,0.9032070938427964,0.8498629498970999,1.0,1.0,-0.05334414394569653,0.0
25,5000,3,0.5,0.7,0.5047771785649585,0.9805285420909672,0.9537380036724924,1.0,1.0,-0.026790538418474785,0.0
25,5000,3,0.5,0.75,0.5408326913195984,1.0469676567165782,1.0268290092730339,0.0,0.0,-0.020138647443544322,0.0
25,5000,3,0.5,0.8,0.5768882040742384,1.1054229765041435,1.0803461473313734,0.0,0.0,-0.0250768291727701,0.0
25,5000,3,0.5,0.85,0.6129437168288782,1.1796514369241826,1.1758611129074577,0.0,0.0,-0.0037903240167249663,0.0
25,5000,3,0.5,0.9,0.6489992295835182,1.2422700994470315,1.2457397783430664,0.0,0.0,0.003469678896034889,0.0
25,5000,3,0.5,0.95,0.685054742338158,1.3102104061400117,1.3299670409816693,0.0,0.0,0.019756634841657572,0.0
25,5000,3,0.525,0.0,0.0,0.003768968951858602,0.012429053225174033,1.0,1.0,0.008660084273315431,0.0
25,5000,3,0.525,0.05,0.03687817782917155,0.07135026858630578,0.054328194414950626,1.0,1.0,-0.01702207417135515,0.0
25,5000,3,0.525,0.1,0.0737563556583431,0.13959256828679747,0.12029664153074417,1.0,1.0,-0.019295926756053308,0.0
25,5000,3,0.525,0.15,0.11063453348751465,0.2080077439660577,0.19354694218199983,1.0,1.0,-0.01446080178405787,0.0
25,5000,3,0.525,0.2,0.1475127113166862,0.27629652993319637,0.2511013325025785,1.0,1.0,-0.025195197430617877,0.0
25,5000,3,0.525,0.25,0.18439088914585774,0.3436630234065377,0.32257750002408975,1.0,1.0,-0.021085523382447957,0.0
25,5000,3,0.525,0.3,0.2212690669750293,0.4116097128270873,0.3812447917777684,1.0,1.0,-0.030364921049318927,0.0
25,5000,3,0.525,0.35,0.2581472448042008,0.47951019502621367,0.44493635053913544,1.0,1.0,-0.03457384448707823,0.0
25,5000,3,0.525,0.4,0.2950254226333724,0.547316317825899,0.5037122330101976,1.0,1.0,-0.04360408481570133,0.0
25,5000,3,0.525,0.45,0.33190360046254397,0.6143442494878343,0.5686262859778005,1.0,1.0,-0.045717963510033766,0.0
25,5000,3,0.525,0.5,0.3687817782917155,0.6823971734216269,0.6307362750520638,1.0,1.0,-0.05166089836956311,0.0
25,5000,3,0.525,0.55,0.40565995612088707,0.7489074505852131,0.6951187511425938,1.0,1.0,-0.053788699442619325,0.0
25,5000,3,0.525,0.6,0.4425381339500586,0.8167464838761768,0.7638763380086959,1.0,1.0,-0.052870145867480844,0.0
25,5000,3,0.525,0.65,0.47941631177923016,0.8832538217847551,0.8304526083586868,1.0,1.0,-0.05280121342606825,0.0
25,5000,3,0.525,0.7,0.5162944896084016,0.9501852424044914,0.9054866709341799,1.0,1.0,-0.04469857147031153,0.0
25,5000,3,0.525,0.75,0.5531726674375732,1.023891514444829,1.0053048505139872,0.0,0.0,-0.01858666393084185,0.0
25,5000,3,0.525,0.8,0.5900508452667448,1.0807913345489573,1.0593585515409056,0.0,0.0,-0.021432783008051626,0.0
25,5000,3,0.525,0.85,0.6269290230959164,1.1540130830850797,1.1490097900295912,0.0,0.0,-0.005003293055488411,0.0
25,5000,3,0.525,0.9,0.6638072009250879,1.2151097428974593,1.2237195016693843,0.0,0.0,0.008609758771924936,0.0
25,5000,3,0.525,0.95,0.7006853787542594,1.283401244705108,1.3030790485833346,0.0,0.0,0.019677803878226596,0.0
25,5000,3,0.55,0.0,0.0,0.0036522575132373765,0.009116347497377384,1.0,1.0,0.005464089984140007,0.0
25,5000,3,0.55,0.05,0.037682887362833546,0.06994964158490946,0.05110823838194628,1.0,1.0,-0.01884140320296318,0.0
25,5000,3,0.55,0.1,0.07536577472566709,0.136192622886362,0.1210732971343691,1.0,1.0,-0.015119325751992901,0.0
25,5000,3,0.55,0.15,0.11304866208850063,0.203527112674313,0.1861885828107939,1.0,1.0,-0.01733852986351911,0.0
25,5000,3,0.55,0.2,0.15073154945133418,0.27040723627417673,0.24633600218564747,1.0,1.0,-0.024071234088529264,0.0
25,5000,3,0.55,0.25,0.18841443681416772,0.33640400376345186,0.31153602231110034,1.0,1.0,-0.02486798145235153,0.0
25,5000,3,0.55,0.3,0.22609732417700126,0.4033231224060127,0.3703079917117628,1.0,1.0,-0.03301513069424988,0.0
25,5000,3,0.55,0.35,0.2637802115398348,0.4696528608997053,0.4334179681549115,1.0,1.0,-0.0362348927447938,0.0
25,5000,3,0.55,0.4,0.30146309890266837,0.535404449840767,0.4911282788582054,1.0,1.0,-0.044276170982561536,0.0
25,5000,3,0.55,0.45,0.3391459862655019,0.601748629675872,0.5528272156770851,1.0,1.0,-0.0489214139987868,0.0
25,5000,3,0.55,0.5,0.37682887362833545,0.6675301874774209,0.6231430003070457,1.0,1.0,-0.04438718717037515,0.0
25,5000,3,0.55,0.55,0.41451176099116904,0.7338764963451435,0.6802217230385299,1.0,1.0,-0.05365477330661361,0.0
25,5000,3,0.55,0.6,0.4521946483540025,0.7992306880278823,0.7472611767183605,1.0,1.0,-0.051969511309521876,0.0
25,5000,3,0.55,0.65,0.4898775357168361,0.8647186528350113,0.8107499818069112,1.0,1.0,-0.0539686710281001,0.0
25,5000,3,0.55,0.7,0.5275604230796695,0.929890663814643,0.8834796889156671,1.0,1.0,-0.04641097489897594,0.0
25,5000,3,0.55,0.75,0.5652433104425032,1.001951829037238,0.9828703715860255,0.0,1.0,-0.01908145745121248,1.0
25,5000,3,0.55,0.8,0.6029261978053367,1.0580653915020999,1.0367714448282308,0.0,0.0,-0.02129394667386908,0.0
25,5000,3,0.55,0.85,0.6406090851681703,1.1294286116802252,1.1236124020805505,0.0,0.0,-0.005816209599674771,0.0
25,5000,3,0.55,0.9,0.6782919725310038,1.1931132251572327,1.2026964628189571,0.0,0.0,0.00958323766172442,0.0
25,5000,3,0.55,0.95,0.7159748598938374,1.2561114457201974,1.2767603060622286,0.0,0.0,0.020648860342031172,0.0
25,5000,3,0.575,0.0,0.0,0.0038441868084879336,0.009908662442200691,1.0,1.0,0.006064475633712757,0.0
25,5000,3,0.575,0.05,0.03847076812334269,0.06878774995902003,0.05266325573124334,1.0,1.0,-0.016124494227776683,0.0
25,5000,3,0.575,0.1,0.07694153624668539,0.13389253174446128,0.1152140573839114,1.0,1.0,-0.018678474360549882,0.0
25,5000,3,0.575,0.15,0.11541230437002807,0.19902391502005123,0.1817192494144337,1.0,1.0,-0.017304665605617525,0.0
25,5000,3,0.575,0.2,0.15388307249337077,0.2650077360348091,0.23825950753105848,1.0,1.0,-0.02674822850375061,0.0
25,5000,3,0.575,0.25,0.19235384061671346,0.32978538614103925,0.30464892295996404,1.0,1.0,-0.025136463181075208,0.0
25,5000,3,0.575,0.3,0.23082460874005614,0.3951115953480513,0.3631204026657615,1.0,1.0,-0.03199119268228978,0.0
25,5000,3,0.575,0.35,0.2692953768633988,0.45990232423149785,0.4227154819184677,1.0,1.0,-0.037186842313030155,0.0
25,5000,3,0.575,0.4,0.30776614498674154,0.5248539331644505,0.4795007678865664,1.0,1.0,-0.04535316527788408,0.0
25,5000,3,0.575,0.45,0.34623691311008425,0.5898367907686066,0.5377669611307699,1.0,1.0,-0.052069829637836684,0.0
25,5000,3,0.575,0.5,0.3847076812334269,0.654375856286957,0.6050416381995859,1.0,1.0,-0.04933421808737115,0.0
25,5000,3,0.575,0.55,0.4231784493567696,0.7190306274268933,0.6659798872742749,1.0,1.0,-0.05305074015261835,0.0
25,5000,3,0.575,0.6,0.4616492174801123,0.7830490858873048,0.7259669570532044,1.0,1.0,-0.057082128834100465,0.0
25,5000,3,0.575,0.65,0.500119985603455,0.847260592322331,0.7938728968190404,1.0,1.0,-0.05338769550329059,0.0
25,5000,3,0.575,0.7,0.5385907537267977,0.9113885555544439,0.8656012656755686,1.0,1.0,-0.04578728987887526,0.0
25,5000,3,0.575,0.75,0.5770615218501404,0.9820580995807392,0.961220183117741,1.0,1.0,-0.02083791646299815,0.0
25,5000,3,0.575,0.8,0.6155322899734831,1.0369995383016632,1.0175848016767233,0.0,0.0,-0.019414736624939977,0.0
25,5000,3,0.575,0.85,0.6540030580968257,1.1010230617103194,1.09024155798929,0.0,0.0,-0.010781503721029484,0.0
25,5000,3,0.575,0.9,0.6924738262201685,1.1654723604020985,1.177158681147467,0.0,0.0,0.011686320745368572,0.0
25,5000,3,0.575,0.95,0.7309445943435111,1.2310001871683292,1.254654476249403,0.0,0.0,0.02365428908107381,0.0
25,5000,3,0.6,0.0,0.0,0.003149030676983227,0.008666758614957637,1.0,1.0,0.00551772793797441,0.0
25,5000,3,0.6,0.05,0.039242833740697175,0.06723754416062938,0.05264867190669614,1.0,1.0,-0.014588872253933238,0.0
25,5000,3,0.6,0.1,0.07848566748139435,0.1314504067605788,0.11222324281566474,1.0,1.0,-0.01922716394491404,0.0
25,5000,3,0.6,0.15,0.1177285012220915,0.19535568960362934,0.17803406120783696,1.0,1.0,-0.017321628395792377,0.0
25,5000,3,0.6,0.2,0.1569713349627887,0.2594436356945007,0.23012550794546568,1.0,1.0,-0.029318127749035,0.0
25,5000,3,0.6,0.25,0.19621416870348585,0.3236252483273087,0.2947799732290541,1.0,1.0,-0.02884527509825463,0.0
25,5000,3,0.6,0.3,0.235457002444183,0.3872456310635994,0.3510787476907698,1.0,1.0,-0.036166883372829584,0.0
25,5000,3,0.6,0.35,0.27469983618488014,0.450799719577609,0.4136837820758441,1.0,1.0,-0.037115937501764895,0.0
25,5000,3,0.6,0.4,0.3139426699255774,0.5146656829077689,0.4707327970715231,1.0,1.0,-0.04393288583624583,0.0
25,5000,3,0.6,0.45,0.35318550366627455,0.5781676220211253,0.5276203204014633,1.0,1.0,-0.05054730161966192,0.0
25,5000,3,0.6,0.5,0.3924283374069717,0.641437854756261,0.5905767713560549,1.0,1.0,-0.05086108340020612,0.0
25,5000,3,0.6,0.55,0.4316711711476689,0.7051150809180702,0.6512532037181621,1.0,1.0,-0.05386187719990809,0.0
25,5000,3,0.6,0.6,0.470914004888366,0.7677909449276793,0.7130183539393182,1.0,1.0,-0.05477259098836107,0.0
25,5000,3,0.6,0.65,0.5101568386290632,0.8308664577512186,0.776633908821622,1.0,1.0,-0.05423254892959661,0.0
25,5000,3,0.6,0.7,0.5493996723697603,0.8942574451487418,0.8473502704659284,1.0,1.0,-0.04690717468281347,0.0
25,5000,3,0.6,0.75,0.5886425061104575,0.9564054626579613,0.9214299016628821,1.0,1.0,-0.03497556099507926,0.0
25,5000,3,0.6,0.8,0.6278853398511548,1.0168368875152136,0.9938082881376618,0.0,0.6666666666666666,-0.02302859937755186,0.6666666666666666
25,5000,3,0.6,0.85,0.6671281735918518,1.0853028099506867,1.0797750695449198,0.0,0.0,-0.005527740405766979,0.0
25,5000,3,0.6,0.9,0.7063710073325491,1.1431994042243823,1.156901186740236,0.0,0.0,0.013701782515853633,0.0
25,5000,3,0.6,0.95,0.7456138410732461,1.2069740925519463,1.2309224402671075,0.0,0.0,0.02394834771516119,0.0
