rho_active,cross_scale,rho_cross,seed,theta_raw,theta_bin,safe_raw,safe_bin
-0.25,0.45,-0.1125,2201,1.7907352646564891,0.5354363475492239,0.0,1.0
-0.25,0.45,-0.1125,2202,1.8042083248347571,0.5626463404965205,0.0,1.0
-0.25,0.45,-0.1125,2203,1.7658638793985428,0.521500078594292,0.0,1.0
-0.25,0.5,-0.125,2201,1.9913229111123463,0.608616487611822,0.0,1.0
-0.25,0.5,-0.125,2202,2.0088513338178937,0.5772869135117626,0.0,1.0
-0.25,0.5,-0.125,2203,1.9798809491948277,0.6168661149162147,0.0,1.0
-0.25,0.55,-0.1375,2201,2.192184270472243,0.6819504263533431,0.0,1.0
-0.25,0.55,-0.1375,2202,2.2133337133808024,0.6424858391662691,0.0,1.0
-0.25,0.55,-0.1375,2203,2.1948513409536172,0.690113013967552,0.0,1.0
-0.25,0.6,-0.15,2201,2.3931389556326277,0.706572731962962,0.0,1.0
-0.25,0.6,-0.15,2202,2.4178856080263773,0.7534899126269162,0.0,1.0
-0.25,0.6,-0.15,2203,2.4083989372523473,0.7638727714495006,0.0,1.0
-0.25,0.65,-0.1625,2201,2.59469559427981,0.7880519760073259,0.0,1.0
-0.25,0.65,-0.1625,2202,2.622150093666768,0.7710602079628677,0.0,1.0
-0.25,0.65,-0.1625,2203,2.622152633108384,0.8248325941434874,0.0,1.0
-0.25,0.7,-0.175,2201,2.7963513364359933,0.8194685318188306,0.0,1.0
-0.25,0.7,-0.175,2202,2.8263437292946296,0.8632260391878629,0.0,1.0
-0.25,0.7,-0.175,2203,2.8345423439790163,0.8785622642814974,0.0,1.0
-0.25,0.75,-0.1875,2201,2.998323790656558,0.8955263260143419,0.0,1.0
-0.25,0.75,-0.1875,2202,3.030154704125296,0.8983576225704466,0.0,1.0
-0.25,0.75,-0.1875,2203,3.045980961739078,0.925176050115269,0.0,1.0
-0.25,0.8,-0.2,2201,3.2007055611395603,0.9820439087858451,0.0,1.0
-0.25,0.8,-0.2,2202,3.2336231971310747,1.0328498931334136,0.0,0.0
-0.25,0.8,-0.2,2203,3.255635139082923,0.9392797257905265,0.0,1.0
-0.25,0.85,-0.2125,2201,3.4036793888193326,1.0373460393230949,0.0,0.0
-0.25,0.85,-0.2125,2202,3.4366965257224966,1.032497126113709,0.0,0.0
-0.25,0.85,-0.2125,2203,3.4632086031862137,1.0553207439037873,0.0,0.0
-0.25,0.9,-0.225,2201,3.60672596156166,1.122453153184547,0.0,0.0
-0.25,0.9,-0.225,2202,3.6390429848363928,1.0964532684197834,0.0,0.0
-0.25,0.9,-0.225,2203,3.6678173306650557,1.116730849235498,0.0,0.0
-0.25,0.95,-0.2375,2201,3.8100565318391513,1.1702287394984834,0.0,0.0
-0.25,0.95,-0.2375,2202,3.8402223409404233,1.183331468040861,0.0,0.0
-0.25,0.95,-0.2375,2203,3.8677722265529844,1.1984173840661358,0.0,0.0
-0.2,0.45,-0.14230249470757705,2201,1.414782067773052,0.5374545959298812,0.0,1.0
-0.2,0.45,-0.14230249470757705,2202,1.4277409903158162,0.5617897275380299,0.0,1.0
-0.2,0.45,-0.14230249470757705,2203,1.4047044279618766,0.5730023358806429,0.0,1.0
-0.2,0.5,-0.15811388300841894,2201,1.5735724070781867,0.5877622064323593,0.0,1.0
-0.2,0.5,-0.15811388300841894,2202,1.5894727677665736,0.6636087234755763,0.0,1.0
-0.2,0.5,-0.15811388300841894,2203,1.5731878724877237,0.6282889744811342,0.0,1.0
-0.2,0.55,-0.17392527130926086,2201,1.732454218256862,0.6583542840564505,0.0,1.0
-0.2,0.55,-0.17392527130926086,2202,1.7509562996929553,0.7148208593848585,0.0,1.0
-0.2,0.55,-0.17392527130926086,2203,1.741874985157877,0.6735297406663447,0.0,1.0
-0.2,0.6,-0.18973665961010272,2201,1.8916413667435052,0.7618812419049492,0.0,1.0
-0.2,0.6,-0.18973665961010272,2202,1.912205372783279,0.768037095270781,0.0,1.0
-0.2,0.6,-0.18973665961010272,2203,1.90965574916981,0.769064249373015,0.0,1.0
-0.2,0.65,-0.20554804791094464,2201,2.0492623362617426,0.8191129452630384,0.0,1.0
-0.2,0.65,-0.20554804791094464,2202,2.0698340994653677,0.8637249533020633,0.0,1.0
-0.2,0.65,-0.20554804791094464,2203,2.0769436407795148,0.9003447443928576,0.0,1.0
-0.2,0.7,-0.2213594362117865,2201,2.2049216164320327,0.8805253826951716,0.0,1.0
-0.2,0.7,-0.2213594362117865,2202,2.2212904751122635,0.924770223511036,0.0,1.0
-0.2,0.7,-0.2213594362117865,2203,2.235953203119589,0.9600578561275417,0.0,1.0
-0.2,0.75,-0.23717082451262841,2201,2.3688361569782765,0.9886059216075895,0.0,1.0
-0.2,0.75,-0.23717082451262841,2202,2.377079581979341,0.9790938612405422,0.0,1.0
-0.2,0.75,-0.23717082451262841,2203,2.3888757822296256,0.9844305879428519,0.0,1.0
-0.2,0.8,-0.25298221281347033,2201,2.527243289593964,1.087067641142601,0.0,0.0
-0.2,0.8,-0.25298221281347033,2202,2.5288598893319985,1.031819340044189,0.0,0.0
-0.2,0.8,-0.25298221281347033,2203,2.5458653946101255,1.0768668201391152,0.0,0.0
-0.2,0.85,-0.2687936011143122,2201,2.6739739829871083,1.100231219803279,0.0,0.0
-0.2,0.85,-0.2687936011143122,2202,2.672907047672833,1.1454851133210033,0.0,0.0
-0.2,0.85,-0.2687936011143122,2203,2.710605659795296,1.094113025210249,0.0,0.0
-0.2,0.9,-0.2846049894151541,2201,2.8311734499975243,1.2193709931857168,0.0,0.0
-0.2,0.9,-0.2846049894151541,2202,2.822821357858685,1.1697577236947763,0.0,0.0
-0.2,0.9,-0.2846049894151541,2203,2.8672769452400138,1.1896023202776753,0.0,0.0
-0.2,0.95,-0.300416377715996,2201,2.9892785349451128,1.2289350774238073,0.0,0.0
-0.2,0.95,-0.300416377715996,2202,2.9726226104462015,1.2537907106879052,0.0,0.0
-0.2,0.95,-0.300416377715996,2203,3.023267717557172,1.2362368032920754,0.0,0.0
-0.15,0.45,-0.16686446595965243,2201,1.2160327625514054,0.612790377179276,0.0,1.0
-0.15,0.45,-0.16686446595965243,2202,1.243539854953038,0.5880497774829675,0.0,1.0
-0.15,0.45,-0.16686446595965243,2203,1.2271903419706416,0.5878173380991656,0.0,1.0
-0.15,0.5,-0.18540496217739158,2201,1.3484735068389462,0.6703656293934327,0.0,1.0
-0.15,0.5,-0.18540496217739158,2202,1.3745777925963552,0.6601499775257955,0.0,1.0
-0.15,0.5,-0.18540496217739158,2203,1.3639351608521268,0.6243709196165543,0.0,1.0
-0.15,0.55,-0.20394545839513076,2201,1.4810859051752685,0.7444343900564918,0.0,1.0
-0.15,0.55,-0.20394545839513076,2202,1.5050193833727052,0.7713413816406385,0.0,1.0
-0.15,0.55,-0.20394545839513076,2203,1.5007057266277195,0.728692719656798,0.0,1.0
-0.15,0.6,-0.22248595461286988,2201,1.6148128656476022,0.8146557683554937,0.0,1.0
-0.15,0.6,-0.22248595461286988,2202,1.635708388786827,0.79437883114569,0.0,1.0
-0.15,0.6,-0.22248595461286988,2203,1.6358549714090946,0.8123235617284281,0.0,1.0
-0.15,0.65,-0.24102645083060906,2201,1.7504174253536289,0.8746988867577322,0.0,1.0
-0.15,0.65,-0.24102645083060906,2202,1.766874735340341,0.8793926714257669,0.0,1.0
-0.15,0.65,-0.24102645083060906,2203,1.7697618970179372,0.8901639012375673,0.0,1.0
-0.15,0.7,-0.2595669470483482,2201,1.879917895190897,0.8925601374591026,0.0,1.0
-0.15,0.7,-0.2595669470483482,2202,1.8938443235154814,0.9666138524071523,0.0,1.0
-0.15,0.7,-0.2595669470483482,2203,1.907360601434391,0.930684798703464,0.0,1.0
-0.15,0.75,-0.2781074432660874,2201,2.0132840018855434,0.9501360553050144,0.0,1.0
-0.15,0.75,-0.2781074432660874,2202,2.022776873785835,1.036797637984653,0.0,0.0
-0.15,0.75,-0.2781074432660874,2203,2.042074973339034,1.0181815528954954,0.0,0.0
-0.15,0.8,-0.29664793948382656,2201,2.1468937160187966,1.022535988682287,0.0,0.0
-0.15,0.8,-0.29664793948382656,2202,2.1513844160620197,1.1098942479717355,0.0,0.0
-0.15,0.8,-0.29664793948382656,2203,2.176483897028845,1.0642919477410944,0.0,0.0
-0.15,0.85,-0.3151884357015657,2201,2.280832370069143,1.1250850093888611,0.0,0.0
-0.15,0.85,-0.3151884357015657,2202,2.2798289610912326,1.141265964981364,0.0,0.0
-0.15,0.85,-0.3151884357015657,2203,2.3104650975703374,1.1499435869361339,0.0,0.0
-0.15,0.9,-0.33372893191930486,2201,2.4151386799544348,1.1645070966438869,0.0,0.0
-0.15,0.9,-0.33372893191930486,2202,2.4080580731876164,1.2322926917361579,0.0,0.0
-0.15,0.9,-0.33372893191930486,2203,2.4443088743477785,1.2085458091206747,0.0,0.0
-0.15,0.95,-0.352269428137044,2201,2.5500806944515837,1.2985356841530433,0.0,0.0
-0.15,0.95,-0.352269428137044,2202,2.53631551426803,1.2876874839124421,0.0,0.0
-0.15,0.95,-0.352269428137044,2203,2.577258477030737,1.2688879705799345,0.0,0.0
-0.1,0.45,-0.188248505970167,2201,1.0724149144851856,0.5720318171179593,0.0,1.0
-0.1,0.45,-0.188248505970167,2202,1.10021199304746,0.584889720359713,0.0,1.0
-0.1,0.45,-0.188248505970167,2203,1.092773810223914,0.6281037890948551,0.0,1.0
-0.1,0.5,-0.2091650066335189,2201,1.1934045436559018,0.6786854006999311,0.0,1.0
-0.1,0.5,-0.2091650066335189,2202,1.2178860351527445,0.6345009686102987,0.0,1.0
-0.1,0.5,-0.2091650066335189,2203,1.2103304443502294,0.6652420581624627,0.0,1.0
-0.1,0.55,-0.2300815072968708,2201,1.311298464972606,0.7395493833912834,0.0,1.0
-0.1,0.55,-0.2300815072968708,2202,1.3334328933991668,0.7298399183459613,0.0,1.0
-0.1,0.55,-0.2300815072968708,2203,1.3308935307088674,0.751182765168014,0.0,1.0
-0.1,0.6,-0.25099800796022265,2201,1.4293329945065771,0.7548856183663781,0.0,1.0
-0.1,0.6,-0.25099800796022265,2202,1.4486488214718738,0.8101561773152571,0.0,1.0
-0.1,0.6,-0.25099800796022265,2203,1.4514938770827241,0.8026097853147464,0.0,1.0
-0.1,0.65,-0.2719145086235746,2201,1.5476230356183176,0.8156620838548305,0.0,1.0
-0.1,0.65,-0.2719145086235746,2202,1.56367921609466,0.8837447914819653,0.0,1.0
-0.1,0.65,-0.2719145086235746,2203,1.5708989247179943,0.9040576240304518,0.0,1.0
-0.1,0.7,-0.2928310092869264,2201,1.6661038131800696,0.9219316696176965,0.0,1.0
-0.1,0.7,-0.2928310092869264,2202,1.6783824598078443,0.9485965669888294,0.0,1.0
-0.1,0.7,-0.2928310092869264,2203,1.6903939867744913,0.9220224692733112,0.0,1.0
-0.1,0.75,-0.31374750995027834,2201,1.7845947128873478,0.9562234402943265,0.0,1.0
-0.1,0.75,-0.31374750995027834,2202,1.7928880974822046,1.029170537463784,0.0,0.0
-0.1,0.75,-0.31374750995027834,2203,1.8097659439644525,0.9958062011702775,0.0,1.0
-0.1,0.8,-0.33466401061363027,2201,1.903368446019833,1.0347906283118748,0.0,0.0
-0.1,0.8,-0.33466401061363027,2202,1.9072164658796797,1.075910129235899,0.0,0.0
-0.1,0.8,-0.33466401061363027,2203,1.9286666993485824,1.047784530409312,0.0,0.0
-0.1,0.85,-0.3555805112769821,2201,2.0222060476201733,1.1027572615820673,0.0,0.0
-0.1,0.85,-0.3555805112769821,2202,2.021313044575707,1.1662569507580056,0.0,0.0
-0.1,0.85,-0.3555805112769821,2203,2.0473465830750763,1.1651760388636334,0.0,0.0
-0.1,0.9,-0.376497011940334,2201,2.1414160613126567,1.2041259139142673,0.0,0.0
-0.1,0.9,-0.376497011940334,2202,2.1353309942216616,1.223320771061117,0.0,0.0
-0.1,0.9,-0.376497011940334,2203,2.165667437080197,1.1929290524174032,0.0,0.0
-0.1,0.95,-0.39741351260368585,2201,2.261064309476519,1.2896077013379128,0.0,0.0
-0.1,0.95,-0.39741351260368585,2202,2.249282719137218,1.2801462919737145,0.0,0.0
-0.1,0.95,-0.39741351260368585,2203,2.2836665485359564,1.2725675974943045,0.0,0.0
-0.05,0.45,-0.20743975028908998,2201,0.973800189288607,0.604751885344685,1.0,1.0
-0.05,0.45,-0.20743975028908998,2202,0.9989785992547784,0.6069194477819648,1.0,1.0
-0.05,0.45,-0.20743975028908998,2203,0.991132882280803,0.6160720265257511,1.0,1.0
-0.05,0.5,-0.2304886114323222,2201,1.0812426643265356,0.6256699958141377,0.0,1.0
-0.05,0.5,-0.2304886114323222,2202,1.104242180312003,0.676700178147027,0.0,1.0
-0.05,0.5,-0.2304886114323222,2203,1.100099992613014,0.684719824474223,0.0,1.0
-0.05,0.55,-0.2535374725755544,2201,1.1888171098119071,0.7043486698319349,0.0,1.0
-0.05,0.55,-0.2535374725755544,2202,1.209169509750043,0.7222941290119689,0.0,1.0
-0.05,0.55,-0.2535374725755544,2203,1.2088369924286726,0.7190329722165287,0.0,1.0
-0.05,0.6,-0.2765863337187866,2201,1.2964632996094783,0.7810250295860184,0.0,1.0
-0.05,0.6,-0.2765863337187866,2202,1.3139915125173949,0.7756809642987665,0.0,1.0
-0.05,0.6,-0.2765863337187866,2203,1.3170301686018062,0.7750034039642967,0.0,1.0
-0.05,0.65,-0.29963519486201884,2201,1.4039896958224845,0.8296235507761924,0.0,1.0
-0.05,0.65,-0.29963519486201884,2202,1.4185387664671498,0.8354071153370652,0.0,1.0
-0.05,0.65,-0.29963519486201884,2203,1.4254959039073138,0.8477200010620554,0.0,1.0
-0.05,0.7,-0.322684056005251,2201,1.5117200126626589,0.8770366250611202,0.0,1.0
-0.05,0.7,-0.322684056005251,2202,1.522890932996542,0.9280545983526939,0.0,1.0
-0.05,0.7,-0.322684056005251,2203,1.5339344747722354,0.9294612917431277,0.0,1.0
-0.05,0.75,-0.3457329171484833,2201,1.619548211599428,0.954325877663069,0.0,1.0
-0.05,0.75,-0.3457329171484833,2202,1.6270744003265327,0.9874586565880283,0.0,1.0
-0.05,0.75,-0.3457329171484833,2203,1.641769373331286,0.9839812377265152,0.0,1.0
-0.05,0.8,-0.36878177829171555,2201,1.7275039932780878,1.0400067742776675,0.0,0.0
-0.05,0.8,-0.36878177829171555,2202,1.7310591419570007,1.073784281456159,0.0,0.0
-0.05,0.8,-0.36878177829171555,2203,1.7496710740569807,1.0429603746607068,0.0,0.0
-0.05,0.85,-0.3918306394349477,2201,1.8355724576152097,1.103064668122507,0.0,0.0
-0.05,0.85,-0.3918306394349477,2202,1.8348662831201403,1.1548346934772304,0.0,0.0
-0.05,0.85,-0.3918306394349477,2203,1.8573738258131685,1.1116722623493682,0.0,0.0
-0.05,0.9,-0.41487950057817996,2201,1.9438114026230642,1.1535444176721499,0.0,0.0
-0.05,0.9,-0.41487950057817996,2202,1.9385429513840218,1.2172584456789264,0.0,0.0
-0.05,0.9,-0.41487950057817996,2203,1.964828417453675,1.1922876348474387,0.0,0.0
-0.05,0.95,-0.43792836172141214,2201,2.0524435801786045,1.240153581588979,0.0,0.0
-0.05,0.95,-0.43792836172141214,2202,2.0421579859528545,1.2770907796866322,0.0,0.0
-0.05,0.95,-0.43792836172141214,2203,2.071814309095936,1.2633518983504775,0.0,0.0
-0.0,0.45,0.225,2201,0.8962396578902646,0.5799634666887981,1.0,1.0
-0.0,0.45,0.225,2202,0.9196396033096965,0.5729488420101367,1.0,1.0
-0.0,0.45,0.225,2203,0.9147115094349134,0.6034524694710784,1.0,1.0
-0.0,0.5,0.25,2201,0.9956591855115838,0.6375502228408669,1.0,1.0
-0.0,0.5,0.25,2202,1.0169111563551962,0.6359630459344153,0.0,1.0
-0.0,0.5,0.25,2203,1.0147283363990354,0.649749483481939,0.0,1.0
-0.0,0.55,0.275,2201,1.0951900753605248,0.7131079144291127,0.0,1.0
-0.0,0.55,0.275,2202,1.1139973758734063,0.708083825561669,0.0,1.0
-0.0,0.55,0.275,2203,1.114539237766289,0.7089475980684576,0.0,1.0
-0.0,0.6,0.3,2201,1.1945456655651692,0.7695389674027048,0.0,1.0
-0.0,0.6,0.3,2202,1.2108446858795188,0.7590979172778435,0.0,1.0
-0.0,0.6,0.3,2203,1.2143298528393722,0.7783610480482499,0.0,1.0
-0.0,0.65,0.325,2201,1.2940328206038534,0.8098257214279165,0.0,1.0
-0.0,0.65,0.325,2202,1.3075054688247194,0.8477281467812343,0.0,1.0
-0.0,0.65,0.325,2203,1.3143162662711838,0.853670968611838,0.0,1.0
-0.0,0.7,0.35,2201,1.3935588782321942,0.8941380418697918,0.0,1.0
-0.0,0.7,0.35,2202,1.4039580952577213,0.9025334509786394,0.0,1.0
-0.0,0.7,0.35,2203,1.4140236280944107,0.9214691670378738,0.0,1.0
-0.0,0.75,0.375,2201,1.4932528074021807,0.9449679655579428,0.0,1.0
-0.0,0.75,0.375,2202,1.5002136627338438,0.9721557581441125,0.0,1.0
-0.0,0.75,0.375,2203,1.5133859203644033,0.9698488556200826,0.0,1.0
-0.0,0.8,0.4,2201,1.5928860278237988,1.0236619906024382,0.0,0.0
-0.0,0.8,0.4,2202,1.596320476376826,1.0297185057272158,0.0,0.0
-0.0,0.8,0.4,2203,1.6125643876772258,1.0476998292918314,0.0,0.0
-0.0,0.85,0.425,2201,1.692718326481878,1.0923615868462573,0.0,0.0
-0.0,0.85,0.425,2202,1.6922533937613453,1.119286234508399,0.0,0.0
-0.0,0.85,0.425,2203,1.7118471159269772,1.1044575235545095,0.0,0.0
-0.0,0.9,0.45,2201,1.7925717334118325,1.1714967828258174,0.0,0.0
-0.0,0.9,0.45,2202,1.788042832547688,1.1818838302387262,0.0,0.0
-0.0,0.9,0.45,2203,1.8108030553998788,1.1914831149404952,0.0,0.0
-0.0,0.95,0.475,2201,1.8927280332991192,1.2514564861526276,0.0,0.0
-0.0,0.95,0.475,2202,1.883767754193727,1.2509883774873796,0.0,0.0
-0.0,0.95,0.475,2203,1.9095598600108161,1.2432179772138157,0.0,0.0
0.05,0.45,0.2412856191321812,2201,0.8343153601662867,0.578087442992252,1.0,1.0
0.05,0.45,0.2412856191321812,2202,0.8562343682796751,0.5641249891082971,1.0,1.0
0.05,0.45,0.2412856191321812,2203,0.8535212648840038,0.6110572297987102,1.0,1.0
0.05,0.5,0.2680951323690902,2201,0.9273813547111576,0.6372558339303337,1.0,1.0
0.05,0.5,0.2680951323690902,2202,0.9472139914000053,0.6013453338901493,1.0,1.0
0.05,0.5,0.2680951323690902,2203,0.9465389614552885,0.637671682065224,1.0,1.0
0.05,0.55,0.29490464560599927,2201,1.0204940757393752,0.6893021449333292,0.0,1.0
0.05,0.55,0.29490464560599927,2202,1.0380193362977221,0.6995335002177604,0.0,1.0
0.05,0.55,0.29490464560599927,2203,1.0397799490982107,0.7009378997827476,0.0,1.0
0.05,0.6,0.32171415884290827,2201,1.1134017211805984,0.7558047938129928,0.0,1.0
0.05,0.6,0.32171415884290827,2202,1.1286316563646372,0.7705235989126806,0.0,1.0
0.05,0.6,0.32171415884290827,2203,1.132887683186265,0.7647314504150012,0.0,1.0
0.05,0.65,0.34852367207981727,2201,1.2064203137030072,0.8179990285640903,0.0,1.0
0.05,0.65,0.34852367207981727,2202,1.21900979277063,0.8311967088468042,0.0,1.0
0.05,0.65,0.34852367207981727,2203,1.2255057913523093,0.8566637824684682,0.0,1.0
0.05,0.7,0.37533318531672627,2201,1.2994923717612978,0.8639075291871183,0.0,1.0
0.05,0.7,0.37533318531672627,2202,1.3091751392310784,0.8885698648000254,0.0,1.0
0.05,0.7,0.37533318531672627,2203,1.3182896355913925,0.8949326578594501,0.0,1.0
0.05,0.75,0.4021426985536353,2201,1.392539391453998,0.9407763876781537,0.0,1.0
0.05,0.75,0.4021426985536353,2202,1.3991844164192229,0.9316283293356129,0.0,1.0
0.05,0.75,0.4021426985536353,2203,1.410663843512671,0.968584175808578,0.0,1.0
0.05,0.8,0.4289522117905444,2201,1.4856692948960903,1.0060284249886284,0.0,0.0
0.05,0.8,0.4289522117905444,2202,1.488984835239508,1.0149395098122977,0.0,0.0
0.05,0.8,0.4289522117905444,2203,1.5033612991380054,1.0203587118710793,0.0,0.0
0.05,0.85,0.4557617250274534,2201,1.578733349303508,1.0757099634189389,0.0,0.0
0.05,0.85,0.4557617250274534,2202,1.5786114575670926,1.1167605065309925,0.0,0.0
0.05,0.85,0.4557617250274534,2203,1.5959614946152814,1.095194735100474,0.0,0.0
0.05,0.9,0.4825712382643624,2201,1.671986101337626,1.132912420472077,0.0,0.0
0.05,0.9,0.4825712382643624,2202,1.6680833671948259,1.1760560229239259,0.0,0.0
0.05,0.9,0.4825712382643624,2203,1.6880842116851904,1.185648729457033,0.0,0.0
0.05,0.95,0.5093807515012714,2201,1.765384373041285,1.2082477519746684,0.0,0.0
0.05,0.95,0.5093807515012714,2202,1.757469065981658,1.246843925649589,0.0,0.0
0.05,0.95,0.5093807515012714,2203,1.7801528635326427,1.2364645427892231,0.0,0.0
0.1,0.45,0.2565394706473061,2201,0.7837042250397314,0.5548675070664799,1.0,1.0
0.1,0.45,0.2565394706473061,2202,0.8039601533353435,0.5419319051483868,1.0,1.0
0.1,0.45,0.2565394706473061,2203,0.8031387794125413,0.5693638814860765,1.0,1.0
0.1,0.5,0.2850438562747845,2201,0.8715919452222154,0.6345211710612827,1.0,1.0
0.1,0.5,0.2850438562747845,2202,0.8899774344232738,0.6086221267706273,1.0,1.0
0.1,0.5,0.2850438562747845,2203,0.890464814778656,0.6459471777131366,1.0,1.0
0.1,0.55,0.313548241902263,2201,0.9593823249448444,0.6866486443312106,1.0,1.0
0.1,0.55,0.313548241902263,2202,0.9756890004459466,0.6837883400246338,1.0,1.0
0.1,0.55,0.313548241902263,2203,0.977779376556739,0.6945923878590204,1.0,1.0
0.1,0.6,0.3420526275297414,2201,1.0469614048341298,0.7398046346032081,0.0,1.0
0.1,0.6,0.3420526275297414,2202,1.0611547651837383,0.7302021809381394,0.0,1.0
0.1,0.6,0.3420526275297414,2203,1.0650027079449231,0.7511945868820646,0.0,1.0
0.1,0.65,0.3705570131572199,2201,1.1345876937613262,0.7954447861758922,0.0,1.0
0.1,0.65,0.3705570131572199,2202,1.1463931923033135,0.7942540252153303,0.0,1.0
0.1,0.65,0.3705570131572199,2203,1.152225238235352,0.815758176923979,0.0,1.0
0.1,0.7,0.3990613987846983,2201,1.2222300763404192,0.8600457921791764,0.0,1.0
0.1,0.7,0.3990613987846983,2202,1.231422278906994,0.8588489939662061,0.0,1.0
0.1,0.7,0.3990613987846983,2203,1.2393775866094827,0.8760016010059526,0.0,1.0
0.1,0.75,0.42756578441217674,2201,1.3098521734920852,0.9198980642454112,0.0,1.0
0.1,0.75,0.42756578441217674,2202,1.3162466481542723,0.9205264737252837,0.0,1.0
0.1,0.75,0.42756578441217674,2203,1.3264856421063136,0.947252971064038,0.0,1.0
0.1,0.8,0.4560701700396552,2201,1.397504175001842,0.9858048820469698,0.0,1.0
0.1,0.8,0.4560701700396552,2202,1.4008834049867835,0.9922133763603351,0.0,1.0
0.1,0.8,0.4560701700396552,2203,1.4135272172203752,1.0235197624324137,0.0,0.0
0.1,0.85,0.48457455566713364,2201,1.4851724748433535,1.0610659387228285,0.0,0.0
0.1,0.85,0.48457455566713364,2202,1.4853360809964833,1.0830517535175173,0.0,0.0
0.1,0.85,0.48457455566713364,2203,1.5006630446887166,1.0749310338336378,0.0,0.0
0.1,0.9,0.5130789412946122,2201,1.5729215491328,1.1374303479013126,0.0,0.0
0.1,0.9,0.5130789412946122,2202,1.5696438017312704,1.1632119443470108,0.0,0.0
0.1,0.9,0.5130789412946122,2203,1.5874095084718092,1.143552537237578,0.0,0.0
0.1,0.95,0.5415833269220905,2201,1.6608199516462792,1.2153582198522088,0.0,0.0
0.1,0.95,0.5415833269220905,2202,1.6538697198657886,1.2090774057502112,0.0,0.0
0.1,0.95,0.5415833269220905,2203,1.673915072074342,1.2214522090702031,0.0,0.0
0.15,0.45,0.27093587802282665,2201,0.7414296069296691,0.5687605048382848,1.0,1.0
0.15,0.45,0.27093587802282665,2202,0.7601861971860804,0.5323519504797856,1.0,1.0
0.15,0.45,0.27093587802282665,2203,0.760546325014254,0.557745923120784,1.0,1.0
0.15,0.5,0.3010398644698074,2201,0.8247350583569515,0.6138520318868951,1.0,1.0
0.15,0.5,0.3010398644698074,2202,0.8418894955309782,0.6091562476020265,1.0,1.0
0.15,0.5,0.3010398644698074,2203,0.8432946845528448,0.6214930919393606,1.0,1.0
0.15,0.55,0.33114385091678816,2201,0.9079615103674123,0.6842841196626757,1.0,1.0
0.15,0.55,0.33114385091678816,2202,0.9233631367629415,0.6696210346244835,1.0,1.0
0.15,0.55,0.33114385091678816,2203,0.9257222508351042,0.687407640901252,1.0,1.0
0.15,0.6,0.36124783736376886,2201,0.9910592822819972,0.7243631577672501,1.0,1.0
0.15,0.6,0.36124783736376886,2202,1.0044918189385532,0.7412729285096781,0.0,1.0
0.15,0.6,0.36124783736376886,2203,1.008601149326306,0.7573811356677123,0.0,1.0
0.15,0.65,0.3913518238107496,2201,1.0741782320393538,0.7865451198403215,0.0,1.0
0.15,0.65,0.3913518238107496,2202,1.085371477945177,0.7781408839607655,0.0,1.0
0.15,0.65,0.3913518238107496,2203,1.0905030736563268,0.8253415117178113,0.0,1.0
0.15,0.7,0.4214558102577303,2201,1.157317751414229,0.8430219953426838,0.0,1.0
0.15,0.7,0.4214558102577303,2202,1.1661109284587678,0.8431477079337898,0.0,1.0
0.15,0.7,0.4214558102577303,2203,1.1733620344593818,0.8603350659734615,0.0,1.0
0.15,0.75,0.45155979670471114,2201,1.240390554206888,0.8971562422457715,0.0,1.0
0.15,0.75,0.45155979670471114,2202,1.24658175451632,0.9297996411505042,0.0,1.0
0.15,0.75,0.45155979670471114,2203,1.2559153371776746,0.91701145083637,0.0,1.0
0.15,0.8,0.4816637831516919,2201,1.3234910327044653,0.956254544297055,0.0,1.0
0.15,0.8,0.4816637831516919,2202,1.326873229819463,0.9781873283902076,0.0,1.0
0.15,0.8,0.4816637831516919,2203,1.338257890850753,0.9812290290902106,0.0,1.0
0.15,0.85,0.5117677695986725,2201,1.4065534377789881,1.0331071009573414,0.0,0.0
0.15,0.85,0.5117677695986725,2202,1.407011031551105,1.0480036505517836,0.0,0.0
0.15,0.85,0.5117677695986725,2203,1.420325003903832,1.0581808589218005,0.0,0.0
0.15,0.9,0.5418717560456533,2201,1.4896844923536028,1.1257021157642626,0.0,0.0
0.15,0.9,0.5418717560456533,2202,1.4869583478416453,1.132317554913395,0.0,0.0
0.15,0.9,0.5418717560456533,2203,1.5025381231066668,1.1272455640153516,0.0,0.0
0.15,0.95,0.571975742492634,2201,1.5729117862766766,1.1880954821401009,0.0,0.0
0.15,0.95,0.571975742492634,2202,1.5667847674851787,1.2131218014136556,0.0,0.0
0.15,0.95,0.571975742492634,2203,1.5846033582218189,1.1896553219720292,0.0,0.0
0.2,0.45,0.28460498941515416,2201,0.7052049750968474,0.5321505318385198,1.0,1.0
0.2,0.45,0.28460498941515416,2202,0.722765711585755,0.549166835594491,1.0,1.0
0.2,0.45,0.28460498941515416,2203,0.724410398795423,0.5633922872146478,1.0,1.0
0.2,0.5,0.31622776601683794,2201,0.7846456168041679,0.5943206956058323,1.0,1.0
0.2,0.5,0.31622776601683794,2202,0.800829941627628,0.5818003504115615,1.0,1.0
0.2,0.5,0.31622776601683794,2203,0.8027694562085408,0.6098132174076222,1.0,1.0
0.2,0.55,0.3478505426185218,2201,0.8639950873289463,0.6489882358876797,1.0,1.0
0.2,0.55,0.3478505426185218,2202,0.8785550913807163,0.6447465413767683,1.0,1.0
0.2,0.55,0.3478505426185218,2203,0.8809396180651927,0.6908104454889227,1.0,1.0
0.2,0.6,0.3794733192202055,2201,0.9432894371176473,0.7073140450322223,1.0,1.0
0.2,0.6,0.3794733192202055,2202,0.9560467771337948,0.7029730203136536,1.0,1.0
0.2,0.6,0.3794733192202055,2203,0.9599712020178179,0.7215755671252264,1.0,1.0
0.2,0.65,0.41109609582188933,2201,1.0226285137322126,0.7906234426368226,0.0,1.0
0.2,0.65,0.41109609582188933,2202,1.0333271526920078,0.7688031955933986,0.0,1.0
0.2,0.65,0.41109609582188933,2203,1.0382203448262821,0.8000978851362851,0.0,1.0
0.2,0.7,0.4427188724235731,2201,1.1017464505816146,0.8375202922677618,0.0,1.0
0.2,0.7,0.4427188724235731,2202,1.1102725055991778,0.8409907057493137,0.0,1.0
0.2,0.7,0.4427188724235731,2203,1.117088574901638,0.8451398268943269,0.0,1.0
0.2,0.75,0.4743416490252569,2201,1.1810081378849442,0.8899979694493965,0.0,1.0
0.2,0.75,0.4743416490252569,2202,1.1870552754904136,0.8933073879642077,0.0,1.0
0.2,0.75,0.4743416490252569,2203,1.1951861884902586,0.9072580346202284,0.0,1.0
0.2,0.8,0.5059644256269408,2201,1.2601564371735774,0.9606342664272605,0.0,1.0
0.2,0.8,0.5059644256269408,2202,1.2636291839666813,0.9666864845452918,0.0,1.0
0.2,0.8,0.5059644256269408,2203,1.2735764341883966,0.9694430939405245,0.0,1.0
0.2,0.85,0.5375872022286244,2201,1.3392529254807448,1.031539875538396,0.0,0.0
0.2,0.85,0.5375872022286244,2202,1.3399997507286774,1.0357701476849202,0.0,0.0
0.2,0.85,0.5375872022286244,2203,1.3519687179406874,1.0493987555454805,0.0,0.0
0.2,0.9,0.5692099788303083,2201,1.4184470637419009,1.0852067993457615,0.0,0.0
0.2,0.9,0.5692099788303083,2202,1.4161953605709192,1.114848221994499,0.0,0.0
0.2,0.9,0.5692099788303083,2203,1.430101822862923,1.0901258804931375,0.0,0.0
0.2,0.95,0.6008327554319921,2201,1.4976766667837371,1.1566859978636264,0.0,0.0
0.2,0.95,0.6008327554319921,2202,1.4922741646745878,1.1767380971637607,0.0,0.0
0.2,0.95,0.6008327554319921,2203,1.5081601511927911,1.1699202284152275,0.0,0.0
0.25,0.45,0.2976470224947665,2201,0.6739249739375841,0.5206650924312903,1.0,1.0
0.25,0.45,0.2976470224947665,2202,0.6904028585638857,0.5387070527114919,1.0,1.0
0.25,0.45,0.2976470224947665,2203,0.6925743039504841,0.550087259662922,1.0,1.0
0.25,0.5,0.33071891388307384,2201,0.7500588786032908,0.6043562642518492,1.0,1.0
0.25,0.5,0.33071891388307384,2202,0.7653035239342516,0.5760476664881122,1.0,1.0
0.25,0.5,0.33071891388307384,2203,0.7674127497792937,0.5952921921788945,1.0,1.0
0.25,0.55,0.36379080527138125,2201,0.826006080652932,0.6503647702870117,1.0,1.0
0.25,0.55,0.36379080527138125,2202,0.8398116183800688,0.6418817807347756,1.0,1.0
0.25,0.55,0.36379080527138125,2203,0.8426416270598798,0.6411656417779434,1.0,1.0
0.25,0.6,0.3968626966596886,2201,0.9019024178257347,0.7097704258931113,1.0,1.0
0.25,0.6,0.3968626966596886,2202,0.9140747277639565,0.6948192920249636,1.0,1.0
0.25,0.6,0.3968626966596886,2203,0.9176686043554974,0.7071981155022395,1.0,1.0
0.25,0.65,0.429934588047996,2201,0.9777223172901028,0.7771067429740673,1.0,1.0
0.25,0.65,0.429934588047996,2202,0.9880507507137167,0.7344038154077842,1.0,1.0
0.25,0.65,0.429934588047996,2203,0.9923728843689509,0.7929799235143122,1.0,1.0
0.25,0.7,0.46300647943630335,2201,1.0535606268062414,0.811707025351725,0.0,1.0
0.25,0.7,0.46300647943630335,2202,1.0618429414554083,0.8057605568654385,0.0,1.0
0.25,0.7,0.46300647943630335,2203,1.0675932548298062,0.8391805398398151,0.0,1.0
0.25,0.75,0.49607837082461076,2201,1.1294284397069336,0.8757330229051322,0.0,1.0
0.25,0.75,0.49607837082461076,2202,1.135387887076398,0.8859757792942609,0.0,1.0
0.25,0.75,0.49607837082461076,2203,1.142542750485337,0.8854298691716342,0.0,1.0
0.25,0.8,0.5291502622129182,2201,1.2051206640145131,0.9499488218736342,0.0,1.0
0.25,0.8,0.5291502622129182,2202,1.2087194848861835,0.9441675178127933,0.0,1.0
0.25,0.8,0.5291502622129182,2203,1.2174281864721226,0.940614529589841,0.0,1.0
0.25,0.85,0.5622221536012255,2201,1.280831431281198,1.000489097501006,0.0,0.0
0.25,0.85,0.5622221536012255,2202,1.2818640567122257,1.0045758956569493,0.0,0.0
0.25,0.85,0.5622221536012255,2203,1.2922290171809854,1.0285848502755734,0.0,0.0
0.25,0.9,0.595294044989533,2201,1.3565670536144707,1.07370904937892,0.0,0.0
0.25,0.9,0.595294044989533,2202,1.3548293207461253,1.085953863265246,0.0,0.0
0.25,0.9,0.595294044989533,2203,1.3670105577525047,1.0919273587830076,0.0,0.0
0.25,0.95,0.6283659363778402,2201,1.432342510802605,1.1525488631241074,0.0,0.0
0.25,0.95,0.6283659363778402,2202,1.427645103376768,1.1702693793566392,0.0,0.0
0.25,0.95,0.6283659363778402,2203,1.441684500434251,1.1581589251019886,0.0,0.0
0.3,0.45,0.31014109692202996,2201,0.6465656646950679,0.5261253045918362,1.0,1.0
0.3,0.45,0.31014109692202996,2202,0.6620303811812547,0.5083003497439248,1.0,1.0
0.3,0.45,0.31014109692202996,2203,0.664448061717589,0.5114039963376998,1.0,1.0
0.3,0.5,0.3446012188022555,2201,0.7195776501683576,0.5823212318382633,1.0,1.0
0.3,0.5,0.3446012188022555,2202,0.7340559393911084,0.5768867215378722,1.0,1.0
0.3,0.5,0.3446012188022555,2203,0.736834129310366,0.5841136078149944,1.0,1.0
0.3,0.55,0.3790613406824811,2201,0.7925612734161173,0.6307209652557166,1.0,1.0
0.3,0.55,0.3790613406824811,2202,0.8057867705487484,0.613949047006322,1.0,1.0
0.3,0.55,0.3790613406824811,2203,0.808570317504905,0.6432124858374175,1.0,1.0
0.3,0.6,0.4135214625627066,2201,0.8655548749458783,0.7010717470285956,1.0,1.0
0.3,0.6,0.4135214625627066,2202,0.8772250570031724,0.6777017290474905,1.0,1.0
0.3,0.6,0.4135214625627066,2203,0.8804960188686279,0.6921813671955305,1.0,1.0
0.3,0.65,0.4479815844429322,2201,0.9383462958547406,0.7649377520010882,1.0,1.0
0.3,0.65,0.4479815844429322,2202,0.9483750716572813,0.7333832381977897,1.0,1.0
0.3,0.65,0.4479815844429322,2203,0.9527516720692015,0.7624381452092441,1.0,1.0
0.3,0.7,0.4824417063231577,2201,1.0112108957614738,0.8057814929546774,0.0,1.0
0.3,0.7,0.4824417063231577,2202,1.019302339365977,0.7940582539733124,0.0,1.0
0.3,0.7,0.4824417063231577,2203,1.0243973209220236,0.8257546208142206,0.0,1.0
0.3,0.75,0.5169018282033833,2201,1.0839722491205892,0.8665522274350927,0.0,1.0
0.3,0.75,0.5169018282033833,2202,1.0899621485458868,0.8361886530859797,0.0,1.0
0.3,0.75,0.5169018282033833,2203,1.0959501435645853,0.898842170117131,0.0,1.0
0.3,0.8,0.5513619500836089,2201,1.1567453363386542,0.9225360446887507,0.0,1.0
0.3,0.8,0.5513619500836089,2202,1.160470090872197,0.9329463218512664,0.0,1.0
0.3,0.8,0.5513619500836089,2203,1.168189349493351,0.9527896297910612,0.0,1.0
0.3,0.85,0.5858220719638344,2201,1.2294890632556912,0.9925190455304822,0.0,1.0
0.3,0.85,0.5858220719638344,2202,1.230778706425377,0.9919968759592261,0.0,1.0
0.3,0.85,0.5858220719638344,2203,1.2399045229436951,0.9977454068975656,0.0,1.0
0.3,0.9,0.6202821938440599,2201,1.3021840168468346,1.0557189951408326,0.0,0.0
0.3,0.9,0.6202821938440599,2202,1.3008568835909897,1.0831723047764168,0.0,0.0
0.3,0.9,0.6202821938440599,2203,1.3117150207635875,1.0663617125377156,0.0,0.0
0.3,0.95,0.6547423157242854,2201,1.37490335449752,1.137267834735019,0.0,0.0
0.3,0.95,0.6547423157242854,2202,1.3708208652924356,1.152501095571303,0.0,0.0
0.3,0.95,0.6547423157242854,2203,1.3833670796263366,1.154255530735281,0.0,0.0
0.35,0.45,0.32215097392371794,2201,0.6270762545166066,0.5223934766032661,1.0,1.0
0.35,0.45,0.32215097392371794,2202,0.636235123539116,0.4858647595243006,1.0,1.0
0.35,0.45,0.32215097392371794,2203,0.6020835747442564,0.4915814785669421,1.0,1.0
0.35,0.5,0.3579455265819088,2201,0.6925771067201446,0.5574505745574637,1.0,1.0
0.35,0.5,0.3579455265819088,2202,0.706425466454619,0.5567258487273947,1.0,1.0
0.35,0.5,0.3579455265819088,2203,0.709363245168801,0.5555809724587694,1.0,1.0
0.35,0.55,0.39374007924009974,2201,0.7629469350290929,0.6271033894105386,1.0,1.0
0.35,0.55,0.39374007924009974,2202,0.775609900165373,0.6152558201177034,1.0,1.0
0.35,0.55,0.39374007924009974,2203,0.7785815349969144,0.6301121830346497,1.0,1.0
0.35,0.6,0.42953463189829055,2201,0.8332271439866681,0.6744528003470923,1.0,1.0
0.35,0.6,0.42953463189829055,2202,0.8445082605154303,0.684288759469174,1.0,1.0
0.35,0.6,0.42953463189829055,2203,0.8478413876737105,0.691239429559635,1.0,1.0
0.35,0.65,0.4653291845564815,2201,0.9034661109891472,0.7487385416586931,1.0,1.0
0.35,0.65,0.4653291845564815,2202,0.9131737362112251,0.7198822418980455,1.0,1.0
0.35,0.65,0.4653291845564815,2203,0.9167616142881257,0.7324643320384143,1.0,1.0
0.35,0.7,0.5011237372146723,2201,0.9735756197440226,0.7973285407661126,1.0,1.0
0.35,0.7,0.5011237372146723,2202,0.9815504199377827,0.7804552492312717,1.0,1.0
0.35,0.7,0.5011237372146723,2203,0.986295390723124,0.7962274767364053,1.0,1.0
0.35,0.75,0.5369182898728633,2201,1.0437207210686001,0.8509086160543529,0.0,1.0
0.35,0.75,0.5369182898728633,2202,1.0497310505250979,0.836471469587223,0.0,1.0
0.35,0.75,0.5369182898728633,2203,1.0551369130252646,0.8688849555727057,0.0,1.0
0.35,0.8,0.5727128425310541,2201,1.1138074088034533,0.9018144115398812,0.0,1.0
0.35,0.8,0.5727128425310541,2202,1.1176641044296514,0.919076234491689,0.0,1.0
0.35,0.8,0.5727128425310541,2203,1.124402999610621,0.9342488096329944,0.0,1.0
0.35,0.85,0.608507395189245,2201,1.1838631146293364,0.9717652876330324,0.0,1.0
0.35,0.85,0.608507395189245,2202,1.1854128963303656,0.9751594248588078,0.0,1.0
0.35,0.85,0.608507395189245,2203,1.1935169297143151,0.9863640377642906,0.0,1.0
0.35,0.9,0.6443019478474359,2201,1.2539113978787604,1.0467042384930099,0.0,0.0
0.35,0.9,0.6443019478474359,2202,1.2530075148307882,1.0633062990454079,0.0,0.0
0.35,0.9,0.6443019478474359,2203,1.262462265635229,1.0483472963743359,0.0,0.0
0.35,0.95,0.6800965005056268,2201,1.323914065612973,1.1102612437958412,0.0,0.0
0.35,0.95,0.6800965005056268,2202,1.3203985804785272,1.13739390549551,0.0,0.0
0.35,0.95,0.6800965005056268,2203,1.3314914302643155,1.1200352117320194,0.0,0.0
0.4,0.45,0.33372893191930486,2201,0.605737665304469,0.5022364110471608,1.0,1.0
0.4,0.45,0.33372893191930486,2202,0.6141078795587207,0.49441049076553095,1.0,1.0
0.4,0.45,0.33372893191930486,2203,0.5824680857088298,0.4762209837211485,1.0,1.0
0.4,0.5,0.37080992435478316,2201,0.6725523629043995,0.5612502328503457,1.0,1.0
0.4,0.5,0.37080992435478316,2202,0.680999891606707,0.533321184177318,1.0,1.0
0.4,0.5,0.37080992435478316,2203,0.6494965651384066,0.5313139379341183,1.0,1.0
0.4,0.55,0.4078909167902615,2201,0.7364346702762251,0.6085092023455579,1.0,1.0
0.4,0.55,0.4078909167902615,2202,0.7486380718764958,0.6033958975586751,1.0,1.0
0.4,0.55,0.4078909167902615,2203,0.7514577267723075,0.6104943142972175,1.0,1.0
0.4,0.6,0.44497190922573976,2201,0.8042746021996139,0.6739415420214139,1.0,1.0
0.4,0.6,0.44497190922573976,2202,0.8152812893620398,0.6582254002742987,1.0,1.0
0.4,0.6,0.44497190922573976,2203,0.8182476638492779,0.6855897127184392,1.0,1.0
0.4,0.65,0.4820529016612181,2201,0.8721463754275227,0.7292422900308031,1.0,1.0
0.4,0.65,0.4820529016612181,2202,0.8816356573631847,0.722439187904849,1.0,1.0
0.4,0.65,0.4820529016612181,2203,0.8850616298103423,0.7323834030214309,1.0,1.0
0.4,0.7,0.5191338940966964,2201,0.9399317996033754,0.7839633124776806,1.0,1.0
0.4,0.7,0.5191338940966964,2202,0.9477590830566434,0.7765716583576967,1.0,1.0
0.4,0.7,0.5191338940966964,2203,0.9518146354603692,0.7906587913493462,1.0,1.0
0.4,0.75,0.5562148865321748,2201,1.007726557629737,0.8370755737911619,0.0,1.0
0.4,0.75,0.5562148865321748,2202,1.0136818981174947,0.829880794595938,0.0,1.0
0.4,0.75,0.5562148865321748,2203,1.0183376869969654,0.8489646506285096,0.0,1.0
0.4,0.8,0.5932958789676531,2201,1.0753664927722608,0.8904255186187457,0.0,1.0
0.4,0.8,0.5932958789676531,2202,1.0793626275448818,0.8953141923727794,0.0,1.0
0.4,0.8,0.5932958789676531,2203,1.0850576090084205,0.896433563780715,0.0,1.0
0.4,0.85,0.6303768714031314,2201,1.1429810347801401,0.9690217814066614,0.0,1.0
0.4,0.85,0.6303768714031314,2202,1.1448346767721889,0.9607406734847692,0.0,1.0
0.4,0.85,0.6303768714031314,2203,1.1518849088207959,0.9814155364173979,0.0,1.0
0.4,0.9,0.6674578638386097,2201,1.210619407045396,1.0224068232671808,0.0,0.0
0.4,0.9,0.6674578638386097,2202,1.210111600003503,1.0444061734541226,0.0,0.0
0.4,0.9,0.6674578638386097,2203,1.2184677026591493,1.0324223009104436,0.0,0.0
0.4,0.95,0.704538856274088,2201,1.2782127981753377,1.1021190999562862,0.0,0.0
0.4,0.95,0.704538856274088,2202,1.275241471940118,1.1168051572084843,0.0,0.0
0.4,0.95,0.704538856274088,2203,1.2850556463148628,1.1072093953302748,0.0,0.0
0.45,0.45,0.3449184686270076,2201,0.5864421488152094,0.4848972914543208,1.0,1.0
0.45,0.45,0.3449184686270076,2202,0.5941842514313622,0.468315382449003,1.0,1.0
0.45,0.45,0.3449184686270076,2203,0.5637051949468624,0.4673900309995764,1.0,1.0
0.45,0.5,0.3832427429188973,2201,0.6510613418563769,0.5498013084565526,1.0,1.0
0.45,0.5,0.3832427429188973,2202,0.6589489448232333,0.5244047724925419,1.0,1.0
0.45,0.5,0.3832427429188973,2203,0.6291360958538553,0.5312651989803165,1.0,1.0
0.45,0.55,0.4215670172107871,2201,0.7157814696999666,0.6033425872392033,1.0,1.0
0.45,0.55,0.4215670172107871,2202,0.7235198206335374,0.5792999479923104,1.0,1.0
0.45,0.55,0.4215670172107871,2203,0.6950047880187848,0.5711563398087016,1.0,1.0
0.45,0.6,0.45989129150267677,2201,0.7782807266378655,0.653541190529378,1.0,1.0
0.45,0.6,0.45989129150267677,2202,0.7889287275856576,0.6440014503718966,1.0,1.0
0.45,0.6,0.45989129150267677,2203,0.79147957229335,0.650991923502747,1.0,1.0
0.45,0.65,0.49821556579456655,2201,0.8439338740382836,0.7181281556006126,1.0,1.0
0.45,0.65,0.49821556579456655,2202,0.8532865527819096,0.6968474263389323,1.0,1.0
0.45,0.65,0.49821556579456655,2203,0.8558192951602315,0.7322217829259975,1.0,1.0
0.45,0.7,0.5365398400864562,2201,0.9095320324615278,0.7713470089974042,1.0,1.0
0.45,0.7,0.5365398400864562,2202,0.9173367639401584,0.7474415336619566,1.0,1.0
0.45,0.7,0.5365398400864562,2203,0.920506381448301,0.7808559163440782,1.0,1.0
0.45,0.75,0.574864114378346,2201,0.9751591922552385,0.8227947514803197,1.0,1.0
0.45,0.75,0.574864114378346,2202,0.981165956190571,0.8092997274412488,1.0,1.0
0.45,0.75,0.574864114378346,2203,0.9850993400608026,0.8349708307089563,1.0,1.0
0.45,0.8,0.6131883886702357,2201,1.0406272494901585,0.8731425663106077,0.0,1.0
0.45,0.8,0.6131883886702357,2202,1.0447980847255929,0.8636794212340295,0.0,1.0
0.45,0.8,0.6131883886702357,2203,1.0495998849601906,0.8976994657843338,0.0,1.0
0.45,0.85,0.6515126629621254,2201,1.1061392691099896,0.944663607769893,0.0,1.0
0.45,0.85,0.6515126629621254,2202,1.108216876728398,0.9417971929353586,0.0,1.0
0.45,0.85,0.6515126629621254,2203,1.1142122153462604,0.9507628910769548,0.0,1.0
0.45,0.9,0.6898369372540152,2201,1.171593922245472,1.0100491508147298,0.0,0.0
0.45,0.9,0.6898369372540152,2202,1.171460121891608,1.014151221379961,0.0,0.0
0.45,0.9,0.6898369372540152,2203,1.1785938961556714,1.0198824561720703,0.0,0.0
0.45,0.95,0.7281612115459049,2201,1.2369927817154527,1.093960246902245,0.0,0.0
0.45,0.95,0.7281612115459049,2202,1.2345253757568182,1.102496743463126,0.0,0.0
0.45,0.95,0.7281612115459049,2203,1.2430223501908286,1.0950114308755114,0.0,0.0
0.5,0.45,0.3557562367689427,2201,0.5688767342154359,0.4751532638353292,1.0,1.0
0.5,0.45,0.3557562367689427,2202,0.5760503541271389,0.46876347206188357,1.0,1.0
0.5,0.45,0.3557562367689427,2203,0.5471049111551407,0.4677618110845012,1.0,1.0
0.5,0.5,0.39528470752104744,2201,0.6315182445156331,0.5316352396632741,1.0,1.0
0.5,0.5,0.39528470752104744,2202,0.6389401783393787,0.5086979107822569,1.0,1.0
0.5,0.5,0.39528470752104744,2203,0.6106385450053046,0.5215910466030462,1.0,1.0
0.5,0.55,0.43481317827315225,2201,0.6942920774469096,0.5891016308083303,1.0,1.0
0.5,0.55,0.43481317827315225,2202,0.7016562313975361,0.564051829663783,1.0,1.0
0.5,0.55,0.43481317827315225,2203,0.6743987186488899,0.5496708148936045,1.0,1.0
0.5,0.6,0.4743416490252569,2201,0.7570685699740534,0.633512421785546,1.0,1.0
0.5,0.6,0.4743416490252569,2202,0.7640850311709184,0.6211515774917388,1.0,1.0
0.5,0.6,0.4743416490252569,2203,0.7386736974852053,0.6217374516936606,1.0,1.0
0.5,0.65,0.5138701197773617,2201,0.8182887130811085,0.6958942926984708,1.0,1.0
0.5,0.65,0.5138701197773617,2202,0.8274988138356923,0.6811752758472708,1.0,1.0
0.5,0.65,0.5138701197773617,2203,0.8295945078882894,0.7130452054770187,1.0,1.0
0.5,0.7,0.5533985905294664,2201,0.8819208479333083,0.7568278489751072,1.0,1.0
0.5,0.7,0.5533985905294664,2202,0.8896653085547348,0.727248405064796,1.0,1.0
0.5,0.7,0.5533985905294664,2203,0.8923235555098217,0.7625534268883798,1.0,1.0
0.5,0.75,0.5929270612815711,2201,0.9455826036874022,0.8069105723997962,1.0,1.0
0.5,0.75,0.5929270612815711,2202,0.9516463299161135,0.7940744040020788,1.0,1.0
0.5,0.75,0.5929270612815711,2203,0.9548896043028023,0.8237453911711237,1.0,1.0
0.5,0.8,0.632455532033676,2201,1.0090910053767956,0.8605919416082277,0.0,1.0
0.5,0.8,0.632455532033676,2202,1.0134121456083274,0.8485421701210811,0.0,1.0
0.5,0.8,0.632455532033676,2203,1.0174101596885377,0.8774617552371078,0.0,1.0
0.5,0.85,0.6719840027857806,2201,1.0726276412091043,0.9206650479873053,0.0,1.0
0.5,0.85,0.6719840027857806,2202,1.0749574051435802,0.9209916697305617,0.0,1.0
0.5,0.85,0.6719840027857806,2203,1.0800575990323127,0.9415408922403341,0.0,1.0
0.5,0.9,0.7115124735378854,2201,1.13610579454062,1.0032203534553423,0.0,0.0
0.5,0.9,0.7115124735378854,2202,1.1363553715676635,0.9958889417957457,0.0,1.0
0.5,0.9,0.7115124735378854,2203,1.1423988895838804,1.004893733066232,0.0,0.0
0.5,0.95,0.7510409442899901,2201,1.1995149791509547,1.0675748486075782,0.0,0.0
0.5,0.95,0.7510409442899901,2202,1.1975198571073786,1.0776448787280195,0.0,0.0
0.5,0.95,0.7510409442899901,2203,1.204888131326748,1.0777037726134266,0.0,0.0
0.55,0.45,0.3662734634122434,2201,0.5446335536065393,0.41159550893553587,1.0,1.0
0.55,0.45,0.3662734634122434,2202,0.5607449462731173,0.44859410553337503,1.0,1.0
0.55,0.45,0.3662734634122434,2203,0.536336634895761,0.43059583627788056,1.0,1.0
0.55,0.5,0.4069705149024927,2201,0.6064317623684723,0.4708878292880542,1.0,1.0
0.55,0.5,0.4069705149024927,2202,0.6217649311786131,0.49943192067682657,1.0,1.0
0.55,0.5,0.4069705149024927,2203,0.5976301099424797,0.49173560049268655,1.0,1.0
0.55,0.55,0.447667566392742,2201,0.6683047037700488,0.5149092161775815,1.0,1.0
0.55,0.55,0.447667566392742,2202,0.682519343435436,0.5641316602655062,1.0,1.0
0.55,0.55,0.447667566392742,2203,0.6587752199700577,0.5395278907823564,1.0,1.0
0.55,0.6,0.48836461788299124,2201,0.7301952347024637,0.5707636913571464,1.0,1.0
0.55,0.6,0.48836461788299124,2202,0.7431325739254651,0.6129403423802879,1.0,1.0
0.55,0.6,0.48836461788299124,2203,0.7206976514414852,0.598971412743093,1.0,1.0
0.55,0.65,0.5290616693732405,2201,0.7921548309646371,0.6311737363926349,1.0,1.0
0.55,0.65,0.5290616693732405,2202,0.8036497756110894,0.6597894076816981,1.0,1.0
0.55,0.65,0.5290616693732405,2203,0.7825064169765958,0.6480390738646489,1.0,1.0
0.55,0.7,0.5697587208634898,2201,0.8567094913468297,0.7368475034940806,1.0,1.0
0.55,0.7,0.5697587208634898,2202,0.8643991247789939,0.7251291250135478,1.0,1.0
0.55,0.7,0.5697587208634898,2203,0.8667114165854695,0.7438130872099262,1.0,1.0
0.55,0.75,0.610455772353739,2201,0.9185192471965918,0.7905049728870037,1.0,1.0
0.55,0.75,0.610455772353739,2202,0.9246724162502606,0.783875825949428,1.0,1.0
0.55,0.75,0.610455772353739,2203,0.9274263930987816,0.8068692087716535,1.0,1.0
0.55,0.8,0.6511528238439883,2201,0.9802911619606226,0.8481866052719567,1.0,1.0
0.55,0.8,0.6511528238439883,2202,0.9847480888007069,0.8444136550268128,1.0,1.0
0.55,0.8,0.6511528238439883,2203,0.9880040737042073,0.8636436601175308,1.0,1.0
0.55,0.85,0.6918498753342376,2201,1.0419835617957078,0.9171840627870891,0.0,1.0
0.55,0.85,0.6918498753342376,2202,1.04459355633163,0.9072016618291059,0.0,1.0
0.55,0.85,0.6918498753342376,2203,1.0488741991840702,0.924570622328841,0.0,1.0
0.55,0.9,0.7325469268244869,2201,1.1036800813770857,0.9858455735007646,0.0,1.0
0.55,0.9,0.7325469268244869,2202,1.1042612647434835,0.9768658816096798,0.0,1.0
0.55,0.9,0.7325469268244869,2203,1.1093703651932292,0.9900881198718605,0.0,1.0
0.55,0.95,0.7732439783147361,2201,1.1652936373523168,1.0649412071569873,0.0,0.0
0.55,0.95,0.7732439783147361,2202,1.163739895659351,1.0680878900641007,0.0,0.0
0.55,0.95,0.7732439783147361,2203,1.1700376059376292,1.0608181037509816,0.0,0.0
0.6,0.45,0.376497011940334,2201,0.5299464477112246,0.40922125550511756,1.0,1.0
0.6,0.45,0.376497011940334,2202,0.5456218624290214,0.4410336251643858,1.0,1.0
0.6,0.45,0.376497011940334,2203,0.5224116447449461,0.4185388326639181,1.0,1.0
0.6,0.5,0.4183300132670378,2201,0.5901321013425773,0.4450972698188674,1.0,1.0
0.6,0.5,0.4183300132670378,2202,0.6050586467491441,0.4877291048851061,1.0,1.0
0.6,0.5,0.4183300132670378,2203,0.5811457020792776,0.4739827861227783,1.0,1.0
0.6,0.55,0.4601630145937416,2201,0.6503063517157279,0.5148803180820833,1.0,1.0
0.6,0.55,0.4601630145937416,2202,0.6642724453221891,0.5468257354958539,1.0,1.0
0.6,0.55,0.4601630145937416,2203,0.6412467969802352,0.5286821782031149,1.0,1.0
0.6,0.6,0.5019960159204453,2201,0.7105520996292745,0.5526786156870758,1.0,1.0
0.6,0.6,0.5019960159204453,2202,0.7232988584706098,0.5923595037044299,1.0,1.0
0.6,0.6,0.5019960159204453,2203,0.7011109835247628,0.5823935199605315,1.0,1.0
0.6,0.65,0.5438290172471492,2201,0.7707966281187146,0.6252265162636395,1.0,1.0
0.6,0.65,0.5438290172471492,2202,0.7821530897911801,0.6385943881953523,1.0,1.0
0.6,0.65,0.5438290172471492,2203,0.7617199916282222,0.6324356641049803,1.0,1.0
0.6,0.7,0.5856620185738528,2201,0.8310921187988306,0.6879612649355775,1.0,1.0
0.6,0.7,0.5856620185738528,2202,0.8408324561780353,0.7021301512466969,1.0,1.0
0.6,0.7,0.5856620185738528,2203,0.8227030106520208,0.6798999697013783,1.0,1.0
0.6,0.75,0.6274950199005567,2201,0.8937024789354805,0.7827116211660708,1.0,1.0
0.6,0.75,0.6274950199005567,2202,0.8999503378795164,0.7557665921087078,1.0,1.0
0.6,0.75,0.6274950199005567,2203,0.9018983915970146,0.7999891365939957,1.0,1.0
0.6,0.8,0.6693280212272605,2201,0.9538275645287794,0.8311692440530096,1.0,1.0
0.6,0.8,0.6693280212272605,2202,0.9584205879353404,0.8314591925375935,1.0,1.0
0.6,0.8,0.6693280212272605,2203,0.9611122854186199,0.8420935965431298,1.0,1.0
0.6,0.85,0.7111610225539642,2201,1.013888136258727,0.8925637753742592,0.0,1.0
0.6,0.85,0.7111610225539642,2202,1.016706151489251,0.8921345687329121,0.0,1.0
0.6,0.85,0.7111610225539642,2203,1.0201307804448954,0.904463423025728,0.0,1.0
0.6,0.9,0.752994023880668,2201,1.0738951351634403,0.9630761346813032,0.0,1.0
0.6,0.9,0.752994023880668,2202,1.0748092390560884,0.9625703673665515,0.0,1.0
0.6,0.9,0.752994023880668,2203,1.079042997837651,0.9691011374112202,0.0,1.0
0.6,0.95,0.7948270252073717,2201,1.1346362821285154,1.0488228284753451,0.0,0.0
0.6,0.95,0.7948270252073717,2202,1.1331557451702077,1.0529917869822378,0.0,0.0
0.6,0.95,0.7948270252073717,2203,1.137428881094142,1.0526780976468944,0.0,0.0
0.65,0.45,0.38645019083964754,2201,0.5164343039806922,0.40084372970400106,1.0,1.0
0.65,0.45,0.38645019083964754,2202,0.5316346918247405,0.43147371144837476,1.0,1.0
0.65,0.45,0.38645019083964754,2203,0.5090549604824073,0.40316426426446106,1.0,1.0
0.65,0.5,0.4293891009329417,2201,0.575057567450602,0.4373145558699562,1.0,1.0
0.65,0.5,0.4293891009329417,2202,0.5896270014719536,0.4722481363507338,1.0,1.0
0.65,0.5,0.4293891009329417,2203,0.5666425727918909,0.4709596906796499,1.0,1.0
0.65,0.55,0.4723280110262359,2201,0.6336927960880531,0.5020930448412476,1.0,1.0
0.65,0.55,0.4723280110262359,2202,0.6473870564099117,0.5268576901589246,1.0,1.0
0.65,0.55,0.4723280110262359,2203,0.6251183452129816,0.5183906767980611,1.0,1.0
0.65,0.6,0.51526692111953,2201,0.6923863395940457,0.5460592523736959,1.0,1.0
0.65,0.6,0.51526692111953,2202,0.7048788444866941,0.5764850067384562,1.0,1.0
0.65,0.6,0.51526692111953,2203,0.6836927937736293,0.5685567408124041,1.0,1.0
0.65,0.65,0.5582058312128242,2201,0.7510919374203615,0.623754062696399,1.0,1.0
0.65,0.65,0.5582058312128242,2202,0.7622957018052957,0.6294393122029214,1.0,1.0
0.65,0.65,0.5582058312128242,2203,0.742846354859678,0.6253481928988025,1.0,1.0
0.65,0.7,0.6011447413061183,2201,0.8098623413335453,0.6771087082370268,1.0,1.0
0.65,0.7,0.6011447413061183,2202,0.819524622206065,0.6839155566606291,1.0,1.0
0.65,0.7,0.6011447413061183,2203,0.8020676569914058,0.6750264262273774,1.0,1.0
0.65,0.75,0.6440836513994126,2201,0.8686611149896989,0.7300415683266512,1.0,1.0
0.65,0.75,0.6440836513994126,2202,0.8766439622170077,0.7427829354227306,1.0,1.0
0.65,0.75,0.6440836513994126,2203,0.8610335719502122,0.7263930948335496,1.0,1.0
0.65,0.8,0.6870225614927068,2201,0.9294039659668024,0.8181508082024034,1.0,1.0
0.65,0.8,0.6870225614927068,2202,0.934176679629612,0.7989145498381053,1.0,1.0
0.65,0.8,0.6870225614927068,2203,0.9360252116324285,0.8406213920453103,1.0,1.0
0.65,0.85,0.7299614715860009,2201,0.9879265224073155,0.8807259019255499,1.0,1.0
0.65,0.85,0.7299614715860009,2202,0.9910030914581135,0.8718971876885055,1.0,1.0
0.65,0.85,0.7299614715860009,2203,0.9936780567834922,0.8886298389236958,1.0,1.0
0.65,0.9,0.7729003816792951,2201,1.0464029287279493,0.9583758554733888,0.0,1.0
0.65,0.9,0.7729003816792951,2202,1.0476405348667956,0.9480870249654982,0.0,1.0
0.65,0.9,0.7729003816792951,2203,1.0510689109528282,0.9621085150797857,0.0,1.0
0.65,0.95,0.8158392917725892,2201,1.1048327870596673,1.0286424939398575,0.0,0.0
0.65,0.95,0.8158392917725892,2202,1.1040926922645287,1.0375829677588682,0.0,0.0
0.65,0.95,0.8158392917725892,2203,1.1085207754179778,1.0306190785176645,0.0,0.0
0.7,0.45,0.39615337938732764,2201,0.5038953137936288,0.3882425284679754,1.0,1.0
0.7,0.45,0.39615337938732764,2202,0.5187751075227264,0.41853581157084274,1.0,1.0
0.7,0.45,0.39615337938732764,2203,0.49719893116967995,0.3942896432825031,1.0,1.0
0.7,0.5,0.4401704215414752,2201,0.5610875327711143,0.42059504974099976,1.0,1.0
0.7,0.5,0.4401704215414752,2202,0.5753747953539872,0.45641841091237495,1.0,1.0
0.7,0.5,0.4401704215414752,2203,0.5533693811517703,0.45058315000038873,1.0,1.0
0.7,0.55,0.4841874636956227,2201,0.618323363273585,0.479187132807649,1.0,1.0
0.7,0.55,0.4841874636956227,2202,0.6317599836191452,0.5156459698099125,1.0,1.0
0.7,0.55,0.4841874636956227,2203,0.6098593993862172,0.502553547784496,1.0,1.0
0.7,0.6,0.5282045058497702,2201,0.6755813548304468,0.5318466523327312,1.0,1.0
0.7,0.6,0.5282045058497702,2202,0.6879657693284051,0.5565448285835102,1.0,1.0
0.7,0.6,0.5282045058497702,2203,0.6670203088715319,0.5401396985599454,1.0,1.0
0.7,0.65,0.5722215480039178,2201,0.7328955329701203,0.5958286930927246,1.0,1.0
0.7,0.65,0.5722215480039178,2202,0.7439901069555487,0.6099675984993079,1.0,1.0
0.7,0.65,0.5722215480039178,2203,0.7244105284733237,0.5973812596288133,1.0,1.0
0.7,0.7,0.6162385901580653,2201,0.7902262665439748,0.6490118466841259,1.0,1.0
0.7,0.7,0.6162385901580653,2202,0.7998650172608923,0.6657718301109619,1.0,1.0
0.7,0.7,0.6162385901580653,2203,0.7821525427784497,0.6455766932586176,1.0,1.0
0.7,0.75,0.6602556323122127,2201,0.8475569599228396,0.7185774285013442,1.0,1.0
0.7,0.75,0.6602556323122127,2202,0.8555343253740778,0.7262244044585733,1.0,1.0
0.7,0.75,0.6602556323122127,2203,0.8404256828689958,0.7149466806776561,1.0,1.0
0.7,0.8,0.7042726744663603,2201,0.9067856897867388,0.7981341113750222,1.0,1.0
0.7,0.8,0.7042726744663603,2202,0.9117133989096902,0.7831045803282947,1.0,1.0
0.7,0.8,0.7042726744663603,2203,0.9129007175825156,0.8205505784492879,1.0,1.0
0.7,0.85,0.7482897166205078,2201,0.9639016773167264,0.860717601943257,1.0,1.0
0.7,0.85,0.7482897166205078,2202,0.9672062796772725,0.8456248529996946,1.0,1.0
0.7,0.85,0.7482897166205078,2203,0.9689886705383355,0.8774162827392724,1.0,1.0
0.7,0.9,0.7923067587746553,2201,1.020962056316727,0.933443316749032,0.0,1.0
0.7,0.9,0.7923067587746553,2202,1.0224997981454287,0.9217607499066418,0.0,1.0
0.7,0.9,0.7923067587746553,2203,1.0250706182480087,0.9453905164211374,0.0,1.0
0.7,0.95,0.8363238009288028,2201,1.0779543011710606,1.0148904205139269,0.0,0.0
0.7,0.95,0.8363238009288028,2202,1.0775973655569,1.0176884250559877,0.0,0.0
0.7,0.95,0.8363238009288028,2203,1.0811468844952843,1.0133566588987466,0.0,0.0
0.75,0.45,0.40562451848969877,2201,0.49223120331504644,0.38221751011298083,1.0,1.0
0.75,0.45,0.40562451848969877,2202,0.506803670245324,0.4157131375418779,1.0,1.0
0.75,0.45,0.40562451848969877,2203,0.4859996541583731,0.377395786710501,1.0,1.0
0.75,0.5,0.45069390943299864,2201,0.5480859205174428,0.41715985485914053,1.0,1.0
0.75,0.5,0.45069390943299864,2202,0.5620734432836489,0.45071803468665955,1.0,1.0
0.75,0.5,0.45069390943299864,2203,0.54077653748601,0.43630349254199047,1.0,1.0
0.75,0.55,0.49576330037629857,2201,0.6039842424120896,0.47782927815774684,1.0,1.0
0.75,0.55,0.49576330037629857,2202,0.6172026830519264,0.5054719453036691,1.0,1.0
0.75,0.55,0.49576330037629857,2203,0.5965108511482905,0.49027043161302364,1.0,1.0
0.75,0.6,0.5408326913195983,2201,0.6599340111555434,0.5244842730866477,1.0,1.0
0.75,0.6,0.5408326913195983,2202,0.6721171700039004,0.5480503725841096,1.0,1.0
0.75,0.6,0.5408326913195983,2203,0.6519573101798906,0.5344996849527512,1.0,1.0
0.75,0.65,0.5859020822628983,2201,0.715913669246893,0.5817181561821422,1.0,1.0
0.75,0.65,0.5859020822628983,2202,0.7268890491049838,0.5979614436187373,1.0,1.0
0.75,0.65,0.5859020822628983,2203,0.7080367693134504,0.5857967247609595,1.0,1.0
0.75,0.7,0.6309714732061981,2201,0.7719504058056008,0.629265462511107,1.0,1.0
0.75,0.7,0.6309714732061981,2202,0.7815477287106016,0.6500253256426938,1.0,1.0
0.75,0.7,0.6309714732061981,2203,0.7641628967669125,0.6340374568358973,1.0,1.0
0.75,0.75,0.6760408641494979,2201,0.8279553029532567,0.7025671636263451,1.0,1.0
0.75,0.75,0.6760408641494979,2202,0.8359887300486908,0.7115905209843496,1.0,1.0
0.75,0.75,0.6760408641494979,2203,0.8212951924526768,0.6948949178881748,1.0,1.0
0.75,0.8,0.7211102550927979,2201,0.8840002256660129,0.7666421199371252,1.0,1.0
0.75,0.8,0.7211102550927979,2202,0.890314610100917,0.7793293281517071,1.0,1.0
0.75,0.8,0.7211102550927979,2203,0.8781564294727326,0.7596271258690152,1.0,1.0
0.75,0.85,0.7661796460360977,2201,0.9415573311633878,0.8423753261567852,1.0,1.0
0.75,0.85,0.7661796460360977,2202,0.9450795681077637,0.8288724086865225,1.0,1.0
0.75,0.85,0.7661796460360977,2203,0.946165675315999,0.8584042134093834,1.0,1.0
0.75,0.9,0.8112490369793975,2201,0.9973008931963487,0.9135948452525111,1.0,1.0
0.75,0.9,0.8112490369793975,2202,0.9991117766553466,0.9161183879005923,1.0,1.0
0.75,0.9,0.8112490369793975,2203,1.001006513418763,0.919932683673681,0.0,1.0
0.75,0.95,0.8563184279226974,2201,1.0529654405553501,0.992913322549131,0.0,1.0
0.75,0.95,0.8563184279226974,2202,1.052959486926207,1.0137899555691043,0.0,0.0
0.75,0.95,0.8563184279226974,2203,1.0557342173177695,0.9917726736434831,0.0,1.0
0.8,0.45,0.41487950057817996,2201,0.489062836773977,0.4113641977559919,1.0,1.0
0.8,0.45,0.41487950057817996,2202,0.4945083584903255,0.39244059761944866,1.0,1.0
0.8,0.45,0.41487950057817996,2203,0.4714274327848724,0.39558153616134195,1.0,1.0
0.8,0.5,0.4609772228646444,2201,0.5427976597432591,0.4538060959927818,1.0,1.0
0.8,0.5,0.4609772228646444,2202,0.5487643387552616,0.4416857636511974,1.0,1.0
0.8,0.5,0.4609772228646444,2203,0.5255361850487148,0.4488032130814833,1.0,1.0
0.8,0.55,0.5070749451511088,2201,0.5906559086122987,0.4544204584989376,1.0,1.0
0.8,0.55,0.5070749451511088,2202,0.6036538020125264,0.48422253058780323,1.0,1.0
0.8,0.55,0.5070749451511088,2203,0.5832616697221955,0.4682334634608957,1.0,1.0
0.8,0.6,0.5531726674375732,2201,0.6453623580072756,0.5103775149383705,1.0,1.0
0.8,0.6,0.5531726674375732,2202,0.6573920713948658,0.5342692220101478,1.0,1.0
0.8,0.6,0.5531726674375732,2203,0.6377560427126718,0.5197817417284416,1.0,1.0
0.8,0.65,0.5992703897240377,2201,0.7000970550640044,0.5620677916637817,1.0,1.0
0.8,0.65,0.5992703897240377,2202,0.7110064655961204,0.5814384663928224,1.0,1.0
0.8,0.65,0.5992703897240377,2203,0.6926189808279133,0.5691010111901491,1.0,1.0
0.8,0.7,0.645368112010502,2201,0.754895515171379,0.6191125278178258,1.0,1.0
0.8,0.7,0.645368112010502,2202,0.7644853548392059,0.633269672906597,1.0,1.0
0.8,0.7,0.645368112010502,2203,0.7473620259844473,0.6137443634876649,1.0,1.0
0.8,0.75,0.6914658342969666,2201,0.8096681799964716,0.6813068347727823,1.0,1.0
0.8,0.75,0.6914658342969666,2202,0.8177424041483656,0.6937226309190553,1.0,1.0
0.8,0.75,0.6914658342969666,2203,0.8030954620424273,0.6810326388432049,1.0,1.0
0.8,0.8,0.7375635565834311,2201,0.8644801222933916,0.7466808799649594,1.0,1.0
0.8,0.8,0.7375635565834311,2202,0.8708960736179572,0.7565031891750065,1.0,1.0
0.8,0.8,0.7375635565834311,2203,0.8586785813334818,0.7405281309378046,1.0,1.0
0.8,0.85,0.7836612788698955,2201,0.9193013779486978,0.8226632390266782,1.0,1.0
0.8,0.85,0.7836612788698955,2202,0.9239281490325022,0.8245530281606647,1.0,1.0
0.8,0.85,0.7836612788698955,2203,0.9146707447230238,0.8110474583582193,1.0,1.0
0.8,0.9,0.8297590011563599,2201,0.9752225686698017,0.8927924869310081,1.0,1.0
0.8,0.9,0.8297590011563599,2202,0.9773134816374331,0.8922070951336992,1.0,1.0
0.8,0.9,0.8297590011563599,2203,0.9784712450930155,0.9026844497078067,1.0,1.0
0.8,0.95,0.8758567234428243,2201,1.029650671364915,0.9755696934622815,0.0,1.0
0.8,0.95,0.8758567234428243,2202,1.0299944105329697,0.9939353160565444,0.0,1.0
0.8,0.95,0.8758567234428243,2203,1.031968101380577,0.974433454931315,0.0,1.0
0.85,0.45,0.4239324828318774,2201,0.4787818180665959,0.39430293313491216,1.0,1.0
0.85,0.45,0.4239324828318774,2202,0.48405439117038984,0.38132611890254503,1.0,1.0
0.85,0.45,0.4239324828318774,2203,0.46178304471792275,0.37407381830878145,1.0,1.0
0.85,0.5,0.4710360920354193,2201,0.5313568631307646,0.4450517966652198,1.0,1.0
0.85,0.5,0.4710360920354193,2202,0.5371762135717228,0.42166051267064497,1.0,1.0
0.85,0.5,0.4710360920354193,2203,0.5149505580320568,0.4307644664514207,1.0,1.0
0.85,0.55,0.5181397012389612,2201,0.5840127591042306,0.49991246844479953,1.0,1.0
0.85,0.55,0.5181397012389612,2202,0.5901670829406076,0.4662260621029572,1.0,1.0
0.85,0.55,0.5181397012389612,2203,0.5680553522296463,0.4778519420104322,1.0,1.0
0.85,0.6,0.5652433104425031,2201,0.6366873285904224,0.5463725371380492,1.0,1.0
0.85,0.6,0.5652433104425031,2202,0.6429076269377183,0.5130510496733718,1.0,1.0
0.85,0.6,0.5652433104425031,2203,0.6220202607260097,0.5174771772859689,1.0,1.0
0.85,0.65,0.6123469196460452,2201,0.6894502429807923,0.5882520479360518,1.0,1.0
0.85,0.65,0.6123469196460452,2202,0.6955303566924835,0.5697680326390235,1.0,1.0
0.85,0.65,0.6123469196460452,2203,0.6759329734553072,0.5650499884582003,1.0,1.0
0.85,0.7,0.659450528849587,2201,0.7389415377652537,0.5987347232549017,1.0,1.0
0.85,0.7,0.659450528849587,2202,0.7484897970386619,0.6151707688927215,1.0,1.0
0.85,0.7,0.659450528849587,2203,0.7317162190392947,0.5926033431193666,1.0,1.0
0.85,0.75,0.7065541380531289,2201,0.7925679004694555,0.6585701952631736,1.0,1.0
0.85,0.75,0.7065541380531289,2202,0.8006636295769911,0.6664153426755202,1.0,1.0
0.85,0.75,0.7065541380531289,2203,0.7860314901900507,0.6562474696497664,1.0,1.0
0.85,0.8,0.7536577472566709,2201,0.8462281674189773,0.7173321344387108,1.0,1.0
0.85,0.8,0.7536577472566709,2202,0.8527655448912106,0.7341384153760255,1.0,1.0
0.85,0.8,0.7536577472566709,2203,0.840318149299887,0.7107133788687362,1.0,1.0
0.85,0.85,0.8007613564602127,2201,0.8998896172201127,0.7874727895786553,1.0,1.0
0.85,0.85,0.8007613564602127,2202,0.904686174209993,0.7881342641320765,1.0,1.0
0.85,0.85,0.8007613564602127,2203,0.895163397002984,0.7848824613238348,1.0,1.0
0.85,0.9,0.8478649656637548,2201,0.953547535298819,0.8705656411459918,1.0,1.0
0.85,0.9,0.8478649656637548,2202,0.9564768658024163,0.8685634206321449,1.0,1.0
0.85,0.9,0.8478649656637548,2203,0.9501238594084636,0.8586799851174042,1.0,1.0
0.85,0.95,0.8949685748672966,2201,1.0078361511497014,0.955360653945561,0.0,1.0
0.85,0.95,0.8949685748672966,2202,1.0085118059143352,0.9653179458017342,0.0,1.0
0.85,0.95,0.8949685748672966,2203,1.0097318179457506,0.9536645566273549,0.0,1.0
0.9,0.45,0.4327961413876053,2201,0.4691424066598264,0.38342666342536424,1.0,1.0
0.9,0.45,0.4327961413876053,2202,0.4743179848054875,0.36504595078519825,1.0,1.0
0.9,0.45,0.4327961413876053,2203,0.45251115594803126,0.3635713181615172,1.0,1.0
0.9,0.5,0.48088460154178364,2201,0.5206495564963838,0.426735298161072,1.0,1.0
0.9,0.5,0.48088460154178364,2202,0.526370377121824,0.41066772251117073,1.0,1.0
0.9,0.5,0.48088460154178364,2203,0.5047690361218531,0.40379037583258376,1.0,1.0
0.9,0.55,0.528973061695962,2201,0.5722095557931799,0.4769133995350644,1.0,1.0
0.9,0.55,0.528973061695962,2202,0.5782796637221392,0.45311757666064356,1.0,1.0
0.9,0.55,0.528973061695962,2203,0.5571060359348801,0.4454626498244353,1.0,1.0
0.9,0.6,0.5770615218501404,2201,0.6238303613864962,0.5274632049614001,1.0,1.0
0.9,0.6,0.5770615218501404,2202,0.6300351498316377,0.4931609563660492,1.0,1.0
0.9,0.6,0.5770615218501404,2203,0.6093856020301107,0.4963972706065741,1.0,1.0
0.9,0.65,0.6251499820043187,2201,0.6755064214942967,0.5673626092952366,1.0,1.0
0.9,0.65,0.6251499820043187,2202,0.681595262560879,0.5517245331010456,1.0,1.0
0.9,0.65,0.6251499820043187,2203,0.6623830310438041,0.5401751447326093,1.0,1.0
0.9,0.7,0.673238442158497,2201,0.7272476292684353,0.6159894908315284,1.0,1.0
0.9,0.7,0.673238442158497,2202,0.7330344235087618,0.6023116002471062,1.0,1.0
0.9,0.7,0.673238442158497,2203,0.7154310551158418,0.6024549490187582,1.0,1.0
0.9,0.75,0.7213269023126755,2201,0.7790536624022701,0.65423112443303,1.0,1.0
0.9,0.75,0.7213269023126755,2202,0.784295757266543,0.6567309753255701,1.0,1.0
0.9,0.75,0.7213269023126755,2203,0.7689053451611225,0.6527320095324867,1.0,1.0
0.9,0.8,0.7694153624668538,2201,0.8309402415170513,0.7209206464733773,1.0,1.0
0.9,0.8,0.7694153624668538,2202,0.8354440308919266,0.7184603484570068,1.0,1.0
0.9,0.8,0.7694153624668538,2203,0.822472578086439,0.7146654387618484,1.0,1.0
0.9,0.85,0.8175038226210322,2201,0.8816619628769127,0.7647848441089151,1.0,1.0
0.9,0.85,0.8175038226210322,2202,0.8866111463474624,0.766328713886906,1.0,1.0
0.9,0.85,0.8175038226210322,2203,0.8769627789747165,0.7473794131014921,1.0,1.0
0.9,0.9,0.8655922827752106,2201,0.9342332944994798,0.8464831174242269,1.0,1.0
0.9,0.9,0.8655922827752106,2202,0.9373917162586105,0.849030647260752,1.0,1.0
0.9,0.9,0.8655922827752106,2203,0.9308327549900643,0.8292026428636904,1.0,1.0
0.9,0.95,0.9136807429293888,2201,0.9873587071038825,0.9319361409665461,1.0,1.0
0.9,0.95,0.9136807429293888,2202,0.9883627634604322,0.9363057140037849,1.0,1.0
0.9,0.95,0.9136807429293888,2203,0.9888102571607202,0.934099177429432,1.0,1.0
