c_value,log10_c,mean_delta_j,std_delta_j,median_delta_j,p05_delta_j,p95_delta_j,positive_fraction,mean_delta_tpr,mean_delta_tnr,mean_raw_nonzero,mean_rect_nonzero,seed_2345_delta_j
0.0105217618684511,-1.9779115315055904,0.0,0.0,0.0,0.0,0.0,0.0,0.0,0.0,0.0,0.0,0.0
0.0120875414730569,-1.9176620228167904,0.0,0.0,0.0,0.0,0.0,0.0,0.0,0.0,0.0,0.0,0.0
0.0126379463380828,-1.8983234930236192,0.0,0.0,0.0,0.0,0.0,0.0,0.0,0.0,0.0,0.0,0.0
0.0137263188980458,-1.8624459155391264,0.0,0.0,0.0,0.0,0.0,0.0,0.0,0.0,0.0,0.0,0.0
0.0151673306880762,-1.819090844357848,0.0,0.0,0.0,0.0,0.0,0.0,0.0,0.0,0.0,0.0,0.0
0.0153391625911636,-1.814198349120009,0.0,0.0,0.0,0.0,0.0,0.0,0.0,0.0,0.019801980198019802,0.009900990099009901,0.0
0.0170739674315281,-1.7676655513272022,0.0,0.0,0.0,0.0,0.0,0.0,0.0,0.0,0.8415841584158416,0.45544554455445546,0.0
0.0179569842256776,-1.7457665988559057,-0.00023573785950023465,0.0023691361671666295,0.0,0.0,0.0,0.0,0.0,-0.00023573785950023566,1.3366336633663367,0.7722772277227723,0.0
0.0182056576584072,-1.739793628058882,-0.000707213578500704,0.004062222318511919,0.0,0.0,0.0,0.0,0.0,-0.0007072135785007069,1.495049504950495,0.9207920792079208,0.0
0.0197778285124627,-1.7038213930636386,-0.02498821310702497,0.050549838188257167,0.0,-0.0714285714285714,0.0,0.009900990099009901,0.0,-0.024988213107024978,2.257425742574257,1.1683168316831682,0.0
0.0198702153854286,-1.7017974252809167,-0.02569542668552568,0.05136274097100718,0.0,-0.0952380952380953,0.0,0.009900990099009901,0.0,-0.025695426685525682,2.297029702970297,1.188118811881188,0.0
0.0225927974201569,-1.646029991792322,0.14188590287600186,0.19820619512493828,0.1904761904761904,-0.2142857142857142,0.4047619047619046,0.7326732673267327,-0.0035643564356435567,0.14545025931164543,2.98019801980198,1.4356435643564356,0.3809523809523809
0.02458603276328,-1.6093115439744643,0.20001885902876004,0.09820982490976968,0.2142857142857142,0.0238095238095239,0.3304761904761906,0.9702970297029703,-0.005544554455445533,0.20556341348420554,3.1485148514851486,1.6336633663366336,0.3095238095238095
0.027012557725439,-1.5684342920267822,0.1421027817067421,0.10827916526091108,0.1533333333333335,-0.0238095238095237,0.2828571428571429,0.900990099009901,-0.0059405940594059285,0.148043375766148,3.217821782178218,1.891089108910891,0.142857142857143
0.0290720889065984,-1.5365237618994811,0.11216407355021216,0.0953499230309427,0.119047619047619,-0.0714285714285714,0.2485714285714284,0.8415841584158416,-0.0059405940594059285,0.11810466760961807,3.3366336633663365,2.01980198019802,0.142857142857143
0.0300868682144584,-1.5216230162467932,0.0986232909005186,0.10174384047589823,0.0952380952380953,-0.0714285714285714,0.2485714285714284,0.7920792079207921,-0.005808580858085797,0.10443187175860441,3.386138613861386,2.0495049504950495,0.142857142857143
0.0307718027125068,-1.5118470606208847,0.08942951438000943,0.09921410046726349,0.0952380952380951,-0.0714285714285714,0.2485714285714284,0.7821782178217822,-0.005808580858085797,0.09523809523809522,3.4356435643564356,2.0792079207920793,0.142857142857143
0.0361389427121652,-1.4420245573918329,0.023564356435643558,0.08219788671170462,0.0076190476190474,-0.0742857142857142,0.1904761904761904,0.504950495049505,-0.00448844884488448,0.028052805280528056,3.633663366336634,2.287128712871287,0.0
0.0366181922039242,-1.4363031001009494,0.021942479962281942,0.08014419213918847,0.0,-0.0714285714285714,0.1904761904761904,0.48514851485148514,-0.004224422442244217,0.026166902404526165,3.6732673267326734,2.3069306930693068,0.0
0.0420705395028793,-1.3760219186551894,-0.0019424799622819282,0.09230835839858592,-0.0028571428571428,-0.1428571428571428,0.1666666666666667,0.3564356435643564,-0.0038283828382838234,0.0018859028760018865,4.00990099009901,2.6534653465346536,-0.0476190476190474
0.0420798866960663,-1.375925438230254,-0.0019424799622819282,0.09230835839858592,-0.0028571428571428,-0.1428571428571428,0.1666666666666667,0.3564356435643564,-0.0038283828382838234,0.0018859028760018865,4.00990099009901,2.6534653465346536,-0.0476190476190474
0.0480946196750157,-1.317903505250834,-0.007449316360207465,0.09525517904295432,0.0,-0.1666666666666665,0.1428571428571428,0.42574257425742573,-0.004620462046204618,-0.0028288543140028285,4.445544554455446,3.198019801980198,-0.119047619047619
0.0533703276260395,-1.2727001311715975,-0.005846298915605858,0.09739314439482159,0.0,-0.1666666666666667,0.1371428571428572,0.45544554455445546,-0.00396039603960396,-0.0018859028760018885,4.752475247524752,3.702970297029703,-0.0952380952380953
0.0541524411940253,-1.2663819605862647,-0.003696369636963702,0.0979832265833154,0.0,-0.1666666666666665,0.1371428571428572,0.4752475247524752,-0.003696369636963695,-1.2366345571319812e-18,4.871287128712871,3.8118811881188117,-0.0952380952380953
0.0548804700076604,-1.2605821778978918,-0.0029891560584630024,0.09592202329202001,0.0,-0.1428571428571428,0.1371428571428572,0.4752475247524752,-0.003696369636963696,0.0007072135785007045,4.930693069306931,3.891089108910891,-0.0952380952380953
0.0608039019029659,-1.2160685503234192,0.005044790193305031,0.08235474888019126,0.0028571428571426,-0.1352380952380951,0.1266666666666667,0.504950495049505,-0.0013201320132013217,0.006364922206506366,5.356435643564357,4.465346534653466,-0.0714285714285714
0.0623537713567315,-1.2051372738633104,0.007694483734087679,0.08294321562928685,0.0028571428571428,-0.1219047619047619,0.1238095238095238,0.5148514851485149,-0.0007920792079207942,0.008486562942008488,5.455445544554456,4.564356435643564,-0.0952380952380951
0.0629064429458614,-1.201304871366561,0.012305516265912288,0.08110212292652651,0.0133333333333334,-0.1057142857142858,0.1238095238095238,0.5445544554455446,-0.0006600660066006626,0.012965582272512965,5.475247524752476,4.633663366336633,-0.0952380952380951
0.070689749506246,-1.1506435572868954,0.021565299387081523,0.07477077098271714,0.0238095238095237,-0.1190476190476188,0.1399999999999999,0.6237623762376238,0.0010561056105610484,0.020509193776520506,6.0495049504950495,5.247524752475248,-0.0952380952380951
0.1084226271733015,-0.9648800735999324,0.07737859500235732,0.05901941045718537,0.0819047619047621,-0.0238095238095237,0.1800000000000001,0.8910891089108911,0.007128712871287122,0.07024988213107022,8.267326732673267,7.217821782178218,0.1323809523809522
0.1217295809836996,-0.9146038729044164,0.08456388495992453,0.0607725497216278,0.0847619047619048,-0.0238095238095239,0.1742857142857143,0.9108910891089109,0.008184818481848176,0.07637906647807635,9.089108910891088,7.524752475247524,0.1457142857142856
0.1329652145729951,-0.876261961250477,0.09156058462989153,0.059601705937169076,0.098095238095238,-0.0180952380952379,0.1723809523809523,0.9405940594059405,0.008580858085808572,0.08297972654408295,9.801980198019802,7.702970297029703,0.1457142857142856
0.1461896279370495,-0.8350834392078323,0.09900047147571897,0.061708167868078014,0.1057142857142856,0.0076190476190474,0.1980952380952381,0.9504950495049505,0.008712871287128705,0.09028760018859026,10.603960396039604,7.900990099009901,0.1219047619047617
0.1474275315991466,-0.8314214058591274,0.09973597359735971,0.06270618508074832,0.1085714285714285,0.0076190476190474,0.1980952380952381,0.9504950495049505,0.008976897689768969,0.09075907590759073,10.653465346534654,7.910891089108911,0.1219047619047617
0.1648044642797896,-0.7830310281618491,0.10806223479490804,0.06075183740400411,0.1190476190476188,0.0076190476190474,0.2038095238095236,0.9603960396039604,0.008580858085808577,0.09948137670909944,11.732673267326733,8.069306930693068,0.1352380952380953
0.1653693718282441,-0.7815449233065173,0.1085337105139085,0.060649383916663364,0.119047619047619,0.0076190476190474,0.2038095238095236,0.9603960396039604,0.008580858085808577,0.09995285242809991,11.752475247524753,8.069306930693068,0.1352380952380953
0.1753594952976441,-0.7560707131373512,0.11018387553041015,0.062270530051635985,0.119047619047619,0.0,0.1980952380952381,0.9405940594059405,0.008580858085808577,0.10160301744460158,12.326732673267326,8.158415841584159,0.1352380952380953
0.1765404805249506,-0.7531556956423562,0.1104479019330504,0.06222837836423248,0.119047619047619,0.0,0.1980952380952381,0.9405940594059405,0.00884488448844884,0.10160301744460158,12.396039603960396,8.178217821782178,0.1352380952380953
0.1998634077852887,-0.6992667118930118,0.11657708628005654,0.06414314748303813,0.1238095238095235,0.0,0.2142857142857139,0.9405940594059405,0.008844884488448843,0.1077322017916077,13.455445544554456,8.277227722772277,0.1485714285714285
0.2001342062287997,-0.6986786769469426,0.11668081093823664,0.06415437926157375,0.1238095238095235,0.0,0.2142857142857139,0.9405940594059405,0.00871287128712871,0.10796793965110793,13.465346534653465,8.287128712871286,0.1485714285714285
0.2106648601704219,-0.6764079005894033,0.12098066949552094,0.06400970100024996,0.1323809523809522,0.0104761904761903,0.2142857142857139,0.9504950495049505,0.009240924092409236,0.11173974540311171,13.831683168316832,8.326732673267326,0.1485714285714285
0.2673088310781669,-0.5729866932256429,0.12346063177746341,0.0616449820704255,0.1247619047619048,0.0,0.2171428571428573,0.9405940594059405,0.008184818481848181,0.11527581329561523,15.336633663366337,8.514851485148515,0.1723809523809525
0.2715581955282939,-0.5661370858229096,0.12463932107496459,0.06174332993308721,0.1266666666666664,0.0,0.2171428571428573,0.9405940594059405,0.008184818481848181,0.1164545025931164,15.435643564356436,8.544554455445544,0.1723809523809525
0.292043384718141,-0.5345526268252332,0.12479019330504472,0.06290437697810128,0.1323809523809525,0.020952380952381,0.2276190476190476,0.9603960396039604,0.00739273927392739,0.11739745403111737,15.821782178217822,8.613861386138614,0.1590476190476191
0.314891164795686,-0.50183952461055,0.12252710985384248,0.0609595882113273,0.1266666666666664,0.0104761904761905,0.2142857142857142,0.9603960396039604,0.006072607260726074,0.11645450259311643,16.386138613861387,8.623762376237623,0.1590476190476191
0.3586816498627547,-0.4452908412420719,0.12399811409712397,0.06188190344302661,0.1295238095238096,0.0133333333333334,0.2142857142857142,0.9603960396039604,0.006600660066006602,0.11739745403111737,17.138613861386137,8.742574257425742,0.1590476190476191
0.5130551760589832,-0.2898359265658015,0.12425271098538422,0.06260056788429699,0.1247619047619048,0.0104761904761905,0.2142857142857142,0.9603960396039604,0.0023762376237623796,0.12187647336162184,19.534653465346533,8.851485148514852,0.1723809523809525
0.5342937261279772,-0.2722199254315369,0.12314945780292313,0.06163703904184513,0.1247619047619048,0.0047619047619047,0.2038095238095238,0.9603960396039604,0.001980198019801984,0.12116925978312114,19.77227722772277,8.851485148514852,0.1723809523809525
0.5762487216478598,-0.2393900250415947,0.12251768033946249,0.061412339554732596,0.1219047619047621,0.0047619047619047,0.2142857142857142,0.9504950495049505,0.0015841584158415888,0.1209335219236209,20.237623762376238,8.841584158415841,0.1961904761904764
0.6672367170464204,-0.1757200631318562,0.12399811409712398,0.064388421629554,0.1247619047619048,0.0133333333333334,0.2304761904761902,0.9603960396039604,6.045768945978575e-18,0.12399811409712397,21.128712871287128,8.801980198019802,0.2199999999999999
0.7742116473996242,-0.1111402993522028,0.12991984912776988,0.0612259141149816,0.1295238095238093,0.0104761904761905,0.2247619047619047,0.9702970297029703,0.00026402640264027165,0.12965582272512963,22.059405940594058,8.801980198019802,0.196190476190476
0.9444574254983557,-0.024817614542437,0.13568128241395563,0.0629072764511565,0.1295238095238093,0.0266666666666666,0.2304761904761902,0.9702970297029703,-0.0031683168316831633,0.1388495992456388,23.475247524752476,8.782178217821782,0.2199999999999997
0.9565499215943818,-0.0192923595549192,0.13667138142385662,0.06257782438318625,0.1352380952380953,0.0266666666666666,0.2304761904761902,0.9801980198019802,-0.003828382838283823,0.14049976426214048,23.584158415841586,8.782178217821782,0.2199999999999997
1.1400863701127315,0.0569377536544464,0.13815181518151812,0.0664531030698583,0.1400000000000001,0.0238095238095237,0.2409523809523812,0.9801980198019802,-0.008712871287128703,0.14686468646864684,24.693069306930692,8.801980198019802,0.2199999999999997
1.2030178871154662,0.0802720847112432,0.13689768976897684,0.0654862369387363,0.1399999999999999,0.0238095238095237,0.2409523809523812,0.9801980198019802,-0.00831683168316831,0.1452145214521452,25.07920792079208,8.782178217821782,0.2199999999999997
1.2329098365270508,0.0909313175279762,0.13692597831211686,0.06498363738764659,0.1399999999999999,0.0238095238095237,0.2409523809523812,0.9801980198019802,-0.008052805280528047,0.14497878359264496,25.178217821782177,8.782178217821782,0.2199999999999997
1.2561043700013554,0.0990257265289513,0.13750117868929745,0.06501517024927626,0.1399999999999999,0.0238095238095239,0.2409523809523812,0.9801980198019802,-0.008184818481848178,0.14568599717114566,25.277227722772277,8.782178217821782,0.2199999999999997
1.4817820606039076,0.1707843326329938,0.13428571428571426,0.06515719697362922,0.1399999999999996,0.0238095238095237,0.2304761904761905,0.9801980198019802,-0.00739273927392739,0.14167845355964165,26.03960396039604,8.782178217821782,0.2199999999999997
1.5375920235481748,0.1868411173731186,0.13415370108439412,0.06575320168650857,0.1399999999999996,0.0180952380952381,0.2304761904761905,0.9900990099009901,-0.007524752475247523,0.14167845355964165,26.14851485148515,8.782178217821782,0.196190476190476
1.7583640270008505,0.2451087902779849,0.13532296086751527,0.06658567856340258,0.142857142857143,0.0180952380952381,0.2304761904761905,0.9900990099009901,-0.005412541254125409,0.1407355021216407,26.900990099009903,8.792079207920793,0.1485714285714285
2.34238498471129,0.3696582754481698,0.135068363979255,0.06503282213903197,0.142857142857143,0.0180952380952381,0.2304761904761905,0.9900990099009901,-0.004488448844884487,0.1395568128241395,28.14851485148515,8.841584158415841,0.1485714285714285
2.4637685958997446,0.3915999152443405,0.13687883074021684,0.0660952543998719,0.142857142857143,0.0238095238095239,0.2409523809523808,0.9900990099009901,-0.004092409240924093,0.14097123998114094,28.297029702970296,8.851485148514852,0.1485714285714285
2.4810409748678097,0.3946339367881464,0.13627534181989623,0.06601986906447725,0.142857142857143,0.0238095238095239,0.2409523809523808,0.9900990099009901,-0.004224422442244225,0.14049976426214048,28.326732673267326,8.841584158415841,0.1485714285714285
2.5378155082656626,0.4044600469728351,0.13651107967939646,0.06650296598541036,0.142857142857143,0.0238095238095239,0.2409523809523808,0.9900990099009901,-0.004224422442244225,0.1407355021216407,28.405940594059405,8.851485148514852,0.1485714285714285
2.692646910086177,0.4301794076057534,0.13809523809523805,0.06697344381820863,0.142857142857143,0.0180952380952381,0.2304761904761905,0.9900990099009901,-0.002640264026402642,0.1407355021216407,28.643564356435643,8.831683168316832,0.1485714285714285
2.801635158716258,0.4474115788895179,0.1382272512965582,0.06654179185022686,0.142857142857143,0.0238095238095239,0.2533333333333334,0.9900990099009901,-0.002508250825082509,0.1407355021216407,28.77227722772277,8.851485148514852,0.1485714285714285
3.113095956122122,0.4931925073102317,0.13801980198019798,0.06743727185841988,0.1400000000000001,0.0266666666666666,0.2533333333333334,0.9900990099009901,-0.0022442244224422435,0.14026402640264024,29.04950495049505,8.871287128712872,0.1485714285714285
3.550012525851159,0.5502298854208525,0.13960396039603956,0.06515751259911627,0.1400000000000001,0.0314285714285715,0.2333333333333334,1.0,-0.000660066006600659,0.1402640264026402,29.534653465346533,8.891089108910892,0.1485714285714285
4.467752817973904,0.6500891374159279,0.1439321074964639,0.06682588651627737,0.1399999999999996,0.0371428571428569,0.2485714285714284,0.9900990099009901,0.00013201320132013184,0.1438000942951438,30.10891089108911,8.891089108910892,0.1485714285714285
5.456725485601473,0.7369321060486276,0.1444413012729844,0.06654332497981387,0.1399999999999999,0.04,0.2514285714285713,0.9900990099009901,0.0015841584158415853,0.14285714285714282,30.485148514851485,9.168316831683168,0.1247619047619046
6.72093005015611,0.8274293753904685,0.14660066006600658,0.06643172990282545,0.1399999999999999,0.04,0.2485714285714284,1.0,0.003036303630363035,0.14356435643564353,30.782178217821784,11.029702970297029,0.1619047619047617
6.796578090758152,0.832290311184182,0.14660066006600658,0.06689718749542505,0.1400000000000001,0.04,0.2485714285714284,1.0,0.003036303630363035,0.14356435643564353,30.801980198019802,11.425742574257425,0.1619047619047617
7.128188058401357,0.85297914889198,0.14736445073078733,0.06828868839762363,0.1400000000000001,0.0371428571428569,0.2485714285714284,1.0,0.003564356435643562,0.14380009429514376,30.871287128712872,12.257425742574258,0.1857142857142855
8.241925264876443,0.9160286721639492,0.14695898161244694,0.07086939763128688,0.1400000000000001,0.039047619047619,0.2438095238095239,1.0,0.005280528052805275,0.14167845355964165,31.08910891089109,22.584158415841586,0.2095238095238094
8.287522363768153,0.9184247133522564,0.1473267326732673,0.07090957386521349,0.1400000000000001,0.039047619047619,0.2438095238095239,1.0,0.005412541254125406,0.14191419141914188,31.099009900990097,22.584158415841586,0.2095238095238094
8.471801418819974,0.9279757672456204,0.1478264969354078,0.07089343719219209,0.1400000000000001,0.039047619047619,0.2466666666666666,1.0,0.005676567656765672,0.14214992927864212,31.168316831683168,23.821782178217823,0.2095238095238094
11.04435084712468,1.0431401944675898,0.1488543140028288,0.07099417683053305,0.1400000000000001,0.0419047619047616,0.2514285714285715,1.0,0.006468646864686462,0.14238566713814235,31.475247524752476,26.801980198019802,0.2095238095238094
12.130221181165156,1.083868719818244,0.15069306930693066,0.07202970931373215,0.1409523809523811,0.0419047619047616,0.26,1.0,0.007128712871287122,0.14356435643564353,31.693069306930692,27.326732673267326,0.2228571428571428
12.164139351417056,1.085081386743783,0.15069306930693066,0.07202970931373215,0.1409523809523811,0.0419047619047616,0.26,1.0,0.007128712871287122,0.14356435643564353,31.693069306930692,27.316831683168317,0.2228571428571428
12.273800987852958,1.0889790771866297,0.15069306930693066,0.07202970931373215,0.1409523809523811,0.0419047619047616,0.26,1.0,0.007128712871287122,0.14356435643564353,31.712871287128714,27.435643564356436,0.2228571428571428
12.604664585649452,1.1005312934444582,0.15119283356907115,0.0719382963039355,0.1409523809523811,0.0476190476190476,0.26,1.0,0.007392739273927387,0.14380009429514376,31.742574257425744,27.455445544554454,0.2228571428571428
13.826232179369851,1.1407038455720544,0.15137199434229134,0.07262925102802674,0.1409523809523811,0.0419047619047616,0.26,1.0,0.006864686468646858,0.14450730787364446,31.84158415841584,27.524752475247524,0.2228571428571428
16.172900811143133,1.208787923016159,0.1527392739273927,0.07276425469717496,0.1457142857142859,0.0419047619047616,0.254285714285714,1.0,0.007524752475247518,0.14521452145214517,32.02970297029703,27.81188118811881,0.2466666666666668
17.123375973163967,1.2335893924658443,0.15344648750589343,0.07309463776750069,0.1485714285714283,0.0419047619047616,0.26,1.0,0.007524752475247518,0.14592173503064587,32.04950495049505,27.831683168316832,0.2466666666666668
18.27450885981601,1.2618457138193366,0.15271098538425268,0.07319993254814736,0.1485714285714285,0.0419047619047616,0.26,1.0,0.007260726072607256,0.1454502593116454,32.06930693069307,27.91089108910891,0.2333333333333334
20.65142557895924,1.3149500366077174,0.153031588873173,0.07288358445713952,0.1447619047619048,0.0419047619047616,0.26,1.0,0.008052805280528047,0.14497878359264493,32.15841584158416,27.97029702970297,0.2333333333333334
21.36832907235874,1.329770563201687,0.153031588873173,0.07284001425708113,0.1485714285714285,0.0419047619047616,0.26,1.0,0.008052805280528047,0.14497878359264493,32.198019801980195,27.99009900990099,0.2333333333333334
28.340904295147727,1.452413703502374,0.15439886845827436,0.07398305709436995,0.1447619047619048,0.0419047619047616,0.2619047619047618,1.0,0.00871287128712871,0.14568599717114566,32.51485148514851,28.237623762376238,0.2466666666666666
29.154431891537524,1.4647045830997407,0.15439886845827436,0.07398305709436995,0.1447619047619048,0.0419047619047616,0.2619047619047618,1.0,0.00871287128712871,0.14568599717114566,32.524752475247524,28.26732673267327,0.2466666666666666
35.387588647792384,1.5488509703053062,0.15537010843941534,0.07466764208582628,0.1457142857142856,0.0371428571428569,0.2619047619047618,1.0,0.008976897689768974,0.14639321074964637,32.64356435643565,28.504950495049506,0.2466666666666666
37.95853142670639,1.5793094017105953,0.15494578029231493,0.0752592788230536,0.1457142857142856,0.0371428571428569,0.2619047619047618,0.9900990099009901,0.008316831683168316,0.1466289486091466,32.71287128712871,28.613861386138613,0.2466666666666666
43.37920697490936,1.6372816083151285,0.1557661480433757,0.0748133247796203,0.1485714285714285,0.0371428571428569,0.2619047619047618,0.9900990099009901,0.00937293729372937,0.14639321074964637,32.75247524752475,28.762376237623762,0.2466666666666666
48.69640941520897,1.687496940092467,0.1566336633663366,0.07496920781123835,0.1504761904761906,0.0371428571428569,0.2619047619047618,0.9900990099009901,0.009768976897689763,0.14686468646864684,32.742574257425744,28.940594059405942,0.2466666666666666
57.279044707996185,1.7579957662567565,0.15723715228665722,0.07477500703514837,0.1514285714285712,0.0371428571428569,0.2619047619047618,0.9900990099009901,0.009900990099009896,0.1473361621876473,32.79207920792079,29.277227722772277,0.2466666666666666
62.45139574743064,1.795542149013333,0.15710513908533708,0.07470673375801243,0.1504761904761906,0.0371428571428569,0.2619047619047618,0.9900990099009901,0.009768976897689763,0.1473361621876473,32.801980198019805,29.455445544554454,0.2466666666666666
63.512210106406926,1.8028572256396649,0.15697312588401693,0.07459257694882136,0.1504761904761906,0.0371428571428569,0.2619047619047618,0.9900990099009901,0.00963696369636963,0.1473361621876473,32.801980198019805,29.504950495049506,0.2466666666666666
72.86653737491037,1.8625281322982372,0.15689768976897686,0.07462215065907628,0.1504761904761906,0.0371428571428569,0.2619047619047618,0.9900990099009901,0.010033003300330027,0.14686468646864684,32.84158415841584,29.88118811881188,0.2466666666666666
75.56810141274423,1.8783385110582345,0.15650165016501646,0.07434358050364763,0.1504761904761904,0.0371428571428569,0.2619047619047618,0.9900990099009901,0.009636963696369632,0.14686468646864684,32.86138613861386,30.10891089108911,0.2466666666666666
75.79479953347995,1.8796394086479773,0.15636963696369635,0.0746372285106517,0.1504761904761904,0.0371428571428569,0.2619047619047618,0.9900990099009901,0.0095049504950495,0.14686468646864684,32.86138613861386,30.10891089108911,0.2466666666666666
88.62326508576248,1.9475477464020687,0.15725601131541722,0.07390160610944042,0.1514285714285712,0.0419047619047616,0.2619047619047618,0.9900990099009901,0.00897689768976897,0.14827911362564825,32.87128712871287,30.742574257425744,0.2466666666666666
