c_value,log10_c,cv_mean_j,cv_std_j,cv_p10_j,cv_p90_j,cv_fold_count
0.010521761868451128,-1.9779115315055904,0.0,0.0,0.0,0.0,10
0.012087541473056955,-1.9176620228167902,0.0,0.0,0.0,0.0,10
0.01263794633808287,-1.8983234930236192,0.0,0.0,0.0,0.0,10
0.013726318898045865,-1.8624459155391264,0.0,0.0,0.0,0.0,10
0.0151673306880762,-1.8190908443578477,0.0,0.0,0.0,0.0,10
0.015339162591163618,-1.814198349120009,0.0,0.0,0.0,0.0,10
0.017073967431528118,-1.7676655513272022,0.3441724941724942,0.19606806722618178,0.07499999999999993,0.5429487179487178,10
0.017956984225677628,-1.7457665988559055,0.42878787878787883,0.21289463270942027,0.2160256410256411,0.6096153846153847,10
0.018205657658407252,-1.739793628058882,0.42878787878787883,0.21289463270942027,0.2160256410256411,0.6096153846153847,10
0.019777828512462715,-1.7038213930636386,0.4787878787878788,0.17871845526593097,0.24807692307692308,0.6096153846153847,10
0.01987021538542862,-1.7017974252809167,0.4787878787878788,0.17871845526593097,0.24807692307692308,0.6096153846153847,10
0.022592797420156945,-1.646029991792322,0.5287878787878788,0.17753706889482304,0.3692307692307692,0.7596153846153846,10
0.024586032763280048,-1.6093115439744645,0.5287878787878788,0.17753706889482304,0.3692307692307692,0.7596153846153846,10
0.027012557725439066,-1.5684342920267822,0.5287878787878788,0.17753706889482304,0.3692307692307692,0.7596153846153846,10
0.029072088906598435,-1.5365237618994811,0.5371212121212122,0.1905528169285278,0.3692307692307692,0.8346153846153848,10
0.030086868214458433,-1.5216230162467932,0.5371212121212122,0.1905528169285278,0.3692307692307692,0.8346153846153848,10
0.030771802712506853,-1.5118470606208847,0.5537878787878788,0.20198939046907435,0.3692307692307692,0.8346153846153848,10
0.036138942712165265,-1.4420245573918327,0.6018648018648018,0.19683628197827263,0.3692307692307692,0.8346153846153848,10
0.03661819220392428,-1.4363031001009494,0.6018648018648018,0.19683628197827263,0.3692307692307692,0.8346153846153848,10
0.04207053950287936,-1.3760219186551894,0.6249417249417248,0.16634083192722726,0.4744755244755244,0.8346153846153848,10
0.04207988669606635,-1.375925438230254,0.6249417249417248,0.16634083192722726,0.4744755244755244,0.8346153846153848,10
0.04809461967501572,-1.3179035052508339,0.6486596736596737,0.1697047453078541,0.5153846153846152,0.8346153846153848,10
0.05337032762603955,-1.2727001311715975,0.6369691902300598,0.17016840123222962,0.4776223776223778,0.7954849498327758,10
0.05415244119402536,-1.2663819605862647,0.6369691902300598,0.17016840123222962,0.4776223776223778,0.7954849498327758,10
0.05488047000766042,-1.2605821778978918,0.6369691902300598,0.17016840123222962,0.4776223776223778,0.7954849498327758,10
0.060803901902965994,-1.2160685503234192,0.669020472281342,0.16597518419520751,0.48531468531468547,0.8346153846153848,10
0.06235377135673155,-1.2051372738633104,0.6773538056146752,0.16326483805054273,0.48531468531468547,0.8346153846153848,10
0.06290644294586147,-1.201304871366561,0.6773538056146752,0.16326483805054273,0.48531468531468547,0.8346153846153848,10
0.07068974950624601,-1.1506435572868954,0.685046113306983,0.14914103307729856,0.4930069930069932,0.8346153846153848,10
0.10842262717330158,-0.9648800735999323,0.7632512415121111,0.11656107336174194,0.6034965034965035,0.8461538461538463,10
0.12172958098369964,-0.9146038729044164,0.7792768825377522,0.13208008615101377,0.6034965034965035,0.9173076923076922,10
0.1329652145729951,-0.876261961250477,0.7749290564507956,0.13081246318961293,0.6034965034965035,0.9173076923076922,10
0.14618962793704957,-0.8350834392078323,0.7789145636971724,0.1378885207434537,0.6034965034965035,0.9173076923076922,10
0.14742753159914665,-0.8314214058591274,0.7789145636971724,0.1378885207434537,0.6034965034965035,0.9173076923076922,10
0.16480446427978968,-0.7830310281618491,0.7789145636971724,0.1378885207434537,0.6034965034965035,0.9173076923076922,10
0.16536937182824418,-0.7815449233065173,0.7789145636971724,0.1378885207434537,0.6034965034965035,0.9173076923076922,10
0.1753594952976441,-0.7560707131373512,0.7789145636971724,0.1378885207434537,0.6034965034965035,0.9173076923076922,10
0.17654048052495064,-0.7531556956423562,0.7789145636971724,0.1378885207434537,0.6034965034965035,0.9173076923076922,10
0.1998634077852887,-0.6992667118930118,0.7789145636971724,0.1378885207434537,0.6034965034965035,0.9173076923076922,10
0.2001342062287997,-0.6986786769469426,0.7789145636971724,0.1378885207434537,0.6034965034965035,0.9173076923076922,10
0.21066486017042194,-0.6764079005894033,0.7789145636971724,0.1378885207434537,0.6034965034965035,0.9173076923076922,10
0.2673088310781669,-0.5729866932256429,0.8019914867740955,0.12630335207065713,0.7213894800851323,0.9173076923076922,10
0.2715581955282939,-0.5661370858229096,0.8019914867740955,0.12630335207065713,0.7213894800851323,0.9173076923076922,10
0.292043384718141,-0.5345526268252332,0.8019914867740955,0.12630335207065713,0.7213894800851323,0.9173076923076922,10
0.314891164795686,-0.50183952461055,0.8173761021587108,0.0887432633736484,0.7367740954697476,0.9173076923076922,10
0.35868164986275475,-0.44529084124207197,0.8173761021587108,0.0887432633736484,0.7367740954697476,0.9173076923076922,10
0.5130551760589832,-0.2898359265658015,0.8257094354920442,0.08977840798652352,0.7367740954697476,0.9173076923076922,10
0.5342937261279772,-0.27221992543153695,0.8257094354920442,0.08977840798652352,0.7367740954697476,0.9173076923076922,10
0.5762487216478598,-0.23939002504159476,0.8257094354920442,0.08977840798652352,0.7367740954697476,0.9173076923076922,10
0.6672367170464204,-0.17572006313185626,0.8257094354920442,0.08977840798652352,0.7367740954697476,0.9173076923076922,10
0.7742116473996242,-0.1111402993522028,0.8257094354920442,0.08977840798652352,0.7367740954697476,0.9173076923076922,10
0.9444574254983555,-0.02481761454243703,0.8410940508766596,0.09905077619449808,0.7367740954697476,0.9230769230769231,10
0.9565499215943818,-0.019292359554919238,0.8410940508766596,0.09905077619449808,0.7367740954697476,0.9230769230769231,10
1.1400863701127315,0.0569377536544464,0.8442409040235127,0.1183858590552701,0.7322286409242931,0.9307692307692308,10
1.2030178871154662,0.08027208471124325,0.8442409040235127,0.1183858590552701,0.7322286409242931,0.9307692307692308,10
1.2329098365270508,0.0909313175279762,0.8442409040235127,0.1183858590552701,0.7322286409242931,0.9307692307692308,10
1.2561043700013554,0.09902572652895136,0.8442409040235127,0.1183858590552701,0.7322286409242931,0.9307692307692308,10
1.4817820606039076,0.17078433263299386,0.8442409040235127,0.1183858590552701,0.7322286409242931,0.9307692307692308,10
1.5375920235481748,0.1868411173731186,0.8442409040235127,0.1183858590552701,0.7322286409242931,0.9307692307692308,10
1.7583640270008503,0.24510879027798493,0.8442409040235127,0.1183858590552701,0.7322286409242931,0.9307692307692308,10
2.34238498471129,0.36965827544816987,0.8442409040235127,0.1183858590552701,0.7322286409242931,0.9307692307692308,10
2.4637685958997446,0.39159991524434057,0.8442409040235127,0.1183858590552701,0.7322286409242931,0.9307692307692308,10
2.4810409748678097,0.3946339367881464,0.8442409040235127,0.1183858590552701,0.7322286409242931,0.9307692307692308,10
2.5378155082656626,0.40446004697283516,0.8442409040235127,0.1183858590552701,0.7322286409242931,0.9307692307692308,10
2.692646910086177,0.43017940760575346,0.8442409040235127,0.1183858590552701,0.7322286409242931,0.9307692307692308,10
2.801635158716258,0.4474115788895179,0.8442409040235127,0.1183858590552701,0.7322286409242931,0.9307692307692308,10
3.113095956122122,0.4931925073102317,0.8442409040235127,0.1183858590552701,0.7322286409242931,0.9307692307692308,10
3.550012525851159,0.5502298854208525,0.8442409040235127,0.1183858590552701,0.7322286409242931,0.9307692307692308,10
4.467752817973904,0.6500891374159279,0.8442409040235127,0.1183858590552701,0.7322286409242931,0.9307692307692308,10
5.456725485601473,0.7369321060486276,0.8442409040235127,0.1183858590552701,0.7322286409242931,0.9307692307692308,10
6.72093005015611,0.8274293753904685,0.8442409040235127,0.1183858590552701,0.7322286409242931,0.9307692307692308,10
6.7965780907581514,0.832290311184182,0.8442409040235127,0.1183858590552701,0.7322286409242931,0.9307692307692308,10
7.128188058401357,0.85297914889198,0.8442409040235127,0.1183858590552701,0.7322286409242931,0.9307692307692308,10
8.241925264876443,0.9160286721639492,0.8442409040235127,0.1183858590552701,0.7322286409242931,0.9307692307692308,10
8.287522363768153,0.9184247133522563,0.8442409040235127,0.1183858590552701,0.7322286409242931,0.9307692307692308,10
8.471801418819974,0.9279757672456204,0.8442409040235127,0.1183858590552701,0.7322286409242931,0.9307692307692308,10
11.044350847124681,1.0431401944675898,0.8442409040235127,0.1183858590552701,0.7322286409242931,0.9307692307692308,10
12.130221181165155,1.083868719818244,0.8442409040235127,0.1183858590552701,0.7322286409242931,0.9307692307692308,10
12.164139351417056,1.085081386743783,0.8442409040235127,0.1183858590552701,0.7322286409242931,0.9307692307692308,10
12.273800987852958,1.0889790771866297,0.8442409040235127,0.1183858590552701,0.7322286409242931,0.9307692307692308,10
12.604664585649452,1.1005312934444582,0.8442409040235127,0.1183858590552701,0.7322286409242931,0.9307692307692308,10
13.826232179369853,1.1407038455720544,0.8442409040235127,0.1183858590552701,0.7322286409242931,0.9307692307692308,10
16.172900811143133,1.2087879230161587,0.8442409040235127,0.1183858590552701,0.7322286409242931,0.9307692307692308,10
17.123375973163967,1.2335893924658445,0.8442409040235127,0.1183858590552701,0.7322286409242931,0.9307692307692308,10
18.274508859816006,1.2618457138193366,0.8442409040235127,0.1183858590552701,0.7322286409242931,0.9307692307692308,10
20.65142557895924,1.3149500366077174,0.8519332117158204,0.1263113290956472,0.7322286409242931,1.0,10
21.36832907235874,1.329770563201687,0.8519332117158204,0.1263113290956472,0.7322286409242931,1.0,10
28.340904295147727,1.452413703502374,0.8519332117158204,0.1263113290956472,0.7322286409242931,1.0,10
29.154431891537524,1.4647045830997407,0.8519332117158204,0.1263113290956472,0.7322286409242931,1.0,10
35.387588647792384,1.5488509703053062,0.8519332117158204,0.1263113290956472,0.7322286409242931,1.0,10
37.95853142670639,1.5793094017105953,0.8519332117158204,0.1263113290956472,0.7322286409242931,1.0,10
43.37920697490936,1.6372816083151283,0.8519332117158204,0.1263113290956472,0.7322286409242931,1.0,10
48.69640941520897,1.6874969400924673,0.8519332117158204,0.1263113290956472,0.7322286409242931,1.0,10
57.279044707996185,1.7579957662567565,0.8519332117158204,0.1263113290956472,0.7322286409242931,1.0,10
62.45139574743064,1.795542149013333,0.8519332117158204,0.1263113290956472,0.7322286409242931,1.0,10
63.512210106406926,1.8028572256396647,0.8519332117158204,0.1263113290956472,0.7322286409242931,1.0,10
72.86653737491037,1.8625281322982374,0.8519332117158204,0.1263113290956472,0.7322286409242931,1.0,10
75.56810141274423,1.8783385110582342,0.8519332117158204,0.1263113290956472,0.7322286409242931,1.0,10
75.79479953347995,1.8796394086479773,0.8519332117158204,0.1263113290956472,0.7322286409242931,1.0,10
88.62326508576248,1.9475477464020692,0.8519332117158204,0.1263113290956472,0.7322286409242931,1.0,10
